,Start Date,End Date,D,T,Energy,Energy_lag2,T_Out
2,1/12/2016 6:10,1/12/2016 9:00,3,3,1100,2160,5.013888889
3,1/12/2016 9:10,1/12/2016 12:00,4,4,1980,760,5.927777778
4,1/12/2016 12:10,1/12/2016 15:00,5,5,2840,1100,7.147222222
5,1/12/2016 15:10,1/12/2016 18:00,6,6,1800,1980,6.275
6,1/12/2016 18:10,1/12/2016 21:00,7,7,970,2840,4.763888889
7,1/12/2016 21:10,1/12/2016 23:50,8,8,730,1800,5.385294118
8,1/13/2016 0:00,1/13/2016 3:00,1,9,780,970,5.465789474
9,1/13/2016 3:10,1/13/2016 6:00,2,10,700,730,5.269444444
10,1/13/2016 6:10,1/13/2016 9:00,3,11,2410,780,5.033333333
11,1/13/2016 9:10,1/13/2016 12:00,4,12,1720,700,5.361111111
12,1/13/2016 12:10,1/13/2016 15:00,5,13,730,2410,6.191666667
13,1/13/2016 15:10,1/13/2016 18:00,6,14,1370,1720,5.394444444
14,1/13/2016 18:10,1/13/2016 21:00,7,15,3450,730,3.063888889
15,1/13/2016 21:10,1/13/2016 23:50,8,16,2810,1370,2.935294118
16,1/14/2016 0:00,1/14/2016 3:00,1,17,810,3450,2.905263158
17,1/14/2016 3:10,1/14/2016 6:00,2,18,750,2810,3.338888889
18,1/14/2016 6:10,1/14/2016 9:00,3,19,2640,810,3.291666667
19,1/14/2016 9:10,1/14/2016 12:00,4,20,5830,750,2.144444444
20,1/14/2016 12:10,1/14/2016 15:00,5,21,2690,2640,4.472222222
21,1/14/2016 15:10,1/14/2016 18:00,6,22,4600,5830,4.972222222
22,1/14/2016 18:10,1/14/2016 21:00,7,23,3390,2690,3.869444444
23,1/14/2016 21:10,1/14/2016 23:50,8,24,1090,4600,2.435294118
24,1/15/2016 0:00,1/15/2016 3:00,1,25,940,3390,0.513157895
25,1/15/2016 3:10,1/15/2016 6:00,2,26,880,1090,2.702777778
26,1/15/2016 6:10,1/15/2016 9:00,3,27,2340,940,3.2
27,1/15/2016 9:10,1/15/2016 12:00,4,28,2400,880,3.530555556
28,1/15/2016 12:10,1/15/2016 15:00,5,29,2820,2340,4.088888889
29,1/15/2016 15:10,1/15/2016 18:00,6,30,1290,2400,2.488888889
30,1/15/2016 18:10,1/15/2016 21:00,7,31,4460,2820,2.497222222
31,1/15/2016 21:10,1/15/2016 23:50,8,32,2920,1290,2.405882353
32,1/16/2016 0:00,1/16/2016 3:00,1,33,870,4460,2.092105263
33,1/16/2016 3:10,1/16/2016 6:00,2,34,810,2920,0.705555556
34,1/16/2016 6:10,1/16/2016 9:00,3,35,2650,870,1.055555556
35,1/16/2016 9:10,1/16/2016 12:00,4,36,1110,810,2.927777778
36,1/16/2016 12:10,1/16/2016 15:00,5,37,1410,2650,5.563888889
37,1/16/2016 15:10,1/16/2016 18:00,6,38,3500,1110,3.108333333
38,1/16/2016 18:10,1/16/2016 21:00,7,39,5730,1410,1.358333333
39,1/16/2016 21:10,1/16/2016 23:50,8,40,1960,3500,0.661764706
40,1/17/2016 0:00,1/17/2016 3:00,1,41,880,5730,0.734210526
41,1/17/2016 3:10,1/17/2016 6:00,2,42,870,1960,0.5
42,1/17/2016 6:10,1/17/2016 9:00,3,43,4220,880,-0.2
43,1/17/2016 9:10,1/17/2016 12:00,4,44,4060,870,0.855555556
44,1/17/2016 12:10,1/17/2016 15:00,5,45,2540,4220,2.902777778
45,1/17/2016 15:10,1/17/2016 18:00,6,46,3730,4060,1.441666667
46,1/17/2016 18:10,1/17/2016 21:00,7,47,3010,2540,-1.136111111
47,1/17/2016 21:10,1/17/2016 23:50,8,48,1240,3730,-2.114705882
48,1/18/2016 0:00,1/18/2016 3:00,1,49,820,3010,-3.557894737
49,1/18/2016 3:10,1/18/2016 6:00,2,50,740,1240,-4.097222222
50,1/18/2016 6:10,1/18/2016 9:00,3,51,860,820,-4.522222222
51,1/18/2016 9:10,1/18/2016 12:00,4,52,730,740,-2.741666667
52,1/18/2016 12:10,1/18/2016 15:00,5,53,740,860,-0.838888889
53,1/18/2016 15:10,1/18/2016 18:00,6,54,670,730,-1.011111111
54,1/18/2016 18:10,1/18/2016 21:00,7,55,6890,740,-2.527777778
55,1/18/2016 21:10,1/18/2016 23:50,8,56,2080,670,-4.244117647
56,1/19/2016 0:00,1/19/2016 3:00,1,57,800,6890,-4.468421053
57,1/19/2016 3:10,1/19/2016 6:00,2,58,740,2080,-4.233333333
58,1/19/2016 6:10,1/19/2016 9:00,3,59,780,800,-4.444444444
59,1/19/2016 9:10,1/19/2016 12:00,4,60,680,740,-3.025
60,1/19/2016 12:10,1/19/2016 15:00,5,61,720,780,0.041666667
61,1/19/2016 15:10,1/19/2016 18:00,6,62,1220,680,-0.219444444
62,1/19/2016 18:10,1/19/2016 21:00,7,63,5890,720,-3.052777778
63,1/19/2016 21:10,1/19/2016 23:50,8,64,1160,1220,-4.005882353
64,1/20/2016 0:00,1/20/2016 3:00,1,65,710,5890,-4.790350877
65,1/20/2016 3:10,1/20/2016 6:00,2,66,750,1160,-4.268518519
66,1/20/2016 6:10,1/20/2016 9:00,3,67,2020,710,-2.577777778
67,1/20/2016 9:10,1/20/2016 12:00,4,68,1610,750,-1.713888889
68,1/20/2016 12:10,1/20/2016 15:00,5,69,1320,2020,-0.041666667
69,1/20/2016 15:10,1/20/2016 18:00,6,70,2020,1610,0.402777778
70,1/20/2016 18:10,1/20/2016 21:00,7,71,5750,1320,0.038888889
71,1/20/2016 21:10,1/20/2016 23:50,8,72,2300,2020,0.255882353
72,1/21/2016 0:00,1/21/2016 3:00,1,73,880,5750,-1.094736842
73,1/21/2016 3:10,1/21/2016 6:00,2,74,850,2300,-1.172222222
74,1/21/2016 6:10,1/21/2016 9:00,3,75,740,880,-2.675
75,1/21/2016 9:10,1/21/2016 12:00,4,76,960,850,-0.336111111
76,1/21/2016 12:10,1/21/2016 15:00,5,77,1740,740,3.886111111
77,1/21/2016 15:10,1/21/2016 18:00,6,78,750,960,2.977777778
78,1/21/2016 18:10,1/21/2016 21:00,7,79,5880,1740,-0.211111111
79,1/21/2016 21:10,1/21/2016 23:50,8,80,1540,750,0.091176471
80,1/22/2016 0:00,1/22/2016 3:00,1,81,720,5880,-0.3
81,1/22/2016 3:10,1/22/2016 6:00,2,82,700,1540,-0.944444444
82,1/22/2016 6:10,1/22/2016 9:00,3,83,1100,720,-0.858333333
83,1/22/2016 9:10,1/22/2016 12:00,4,84,1520,700,0.944444444
84,1/22/2016 12:10,1/22/2016 15:00,5,85,640,1100,3.494444444
85,1/22/2016 15:10,1/22/2016 18:00,6,86,680,1520,3.136111111
86,1/22/2016 18:10,1/22/2016 21:00,7,87,640,640,3.597222222
87,1/22/2016 21:10,1/22/2016 23:50,8,88,580,680,3.958823529
88,1/23/2016 0:00,1/23/2016 3:00,1,89,690,640,4.768421053
89,1/23/2016 3:10,1/23/2016 6:00,2,90,690,580,5.222222222
90,1/23/2016 6:10,1/23/2016 9:00,3,91,1270,690,5.741666667
91,1/23/2016 9:10,1/23/2016 12:00,4,92,2410,690,6.2
92,1/23/2016 12:10,1/23/2016 15:00,5,93,2890,1270,7.236111111
93,1/23/2016 15:10,1/23/2016 18:00,6,94,2400,2410,6.380555556
94,1/23/2016 18:10,1/23/2016 21:00,7,95,1710,2890,5.908333333
95,1/23/2016 21:10,1/23/2016 23:50,8,96,1340,2400,5.464705882
96,1/24/2016 0:00,1/24/2016 3:00,1,97,700,1710,5.281578947
97,1/24/2016 3:10,1/24/2016 6:00,2,98,680,1340,6.038888889
98,1/24/2016 6:10,1/24/2016 9:00,3,99,4980,700,6.261111111
99,1/24/2016 9:10,1/24/2016 12:00,4,100,5210,680,6.533333333
100,1/24/2016 12:10,1/24/2016 15:00,5,101,4720,4980,7.252777778
101,1/24/2016 15:10,1/24/2016 18:00,6,102,1350,5210,7.886111111
102,1/24/2016 18:10,1/24/2016 21:00,7,103,2310,4720,7.986111111
103,1/24/2016 21:10,1/24/2016 23:50,8,104,1690,1350,8.014705882
104,1/25/2016 0:00,1/25/2016 3:00,1,105,870,2310,8.1
105,1/25/2016 3:10,1/25/2016 6:00,2,106,820,1690,7.819444444
106,1/25/2016 6:10,1/25/2016 9:00,3,107,820,870,6.838888889
107,1/25/2016 9:10,1/25/2016 12:00,4,108,750,820,9.866666667
108,1/25/2016 12:10,1/25/2016 15:00,5,109,830,820,12.46111111
109,1/25/2016 15:10,1/25/2016 18:00,6,110,830,750,11.48333333
110,1/25/2016 18:10,1/25/2016 21:00,7,111,2580,830,9.741666667
111,1/25/2016 21:10,1/25/2016 23:50,8,112,1970,830,10.05
112,1/26/2016 0:00,1/26/2016 3:00,1,113,1760,2580,9.578947368
113,1/26/2016 3:10,1/26/2016 6:00,2,114,750,1970,8.397222222
114,1/26/2016 6:10,1/26/2016 9:00,3,115,1240,1760,8.763888889
115,1/26/2016 9:10,1/26/2016 12:00,4,116,710,750,9.661111111
116,1/26/2016 12:10,1/26/2016 15:00,5,117,730,1240,10.70277778
117,1/26/2016 15:10,1/26/2016 18:00,6,118,730,710,10.03888889
118,1/26/2016 18:10,1/26/2016 21:00,7,119,1820,730,9.669444444
119,1/26/2016 21:10,1/26/2016 23:50,8,120,2530,730,9.6
120,1/27/2016 0:00,1/27/2016 3:00,1,121,740,1820,9.936842105
121,1/27/2016 3:10,1/27/2016 6:00,2,122,660,2530,10.13888889
122,1/27/2016 6:10,1/27/2016 9:00,3,123,1190,740,9.969444444
123,1/27/2016 9:10,1/27/2016 12:00,4,124,1350,660,10.12777778
124,1/27/2016 12:10,1/27/2016 15:00,5,125,680,1190,11.13055556
125,1/27/2016 15:10,1/27/2016 18:00,6,126,640,1350,10.85277778
126,1/27/2016 18:10,1/27/2016 21:00,7,127,680,680,9.816666667
127,1/27/2016 21:10,1/27/2016 23:50,8,128,630,640,9.770588235
128,1/28/2016 0:00,1/28/2016 3:00,1,129,740,680,9.715789474
129,1/28/2016 3:10,1/28/2016 6:00,2,130,690,630,7.775
130,1/28/2016 6:10,1/28/2016 9:00,3,131,610,740,5.394444444
131,1/28/2016 9:10,1/28/2016 12:00,4,132,700,690,5.383333333
132,1/28/2016 12:10,1/28/2016 15:00,5,133,720,610,7.197222222
133,1/28/2016 15:10,1/28/2016 18:00,6,134,650,700,5.691666667
134,1/28/2016 18:10,1/28/2016 21:00,7,135,650,720,2.575
135,1/28/2016 21:10,1/28/2016 23:50,8,136,640,650,2.841176471
136,1/29/2016 0:00,1/29/2016 3:00,1,137,730,650,3.355263158
137,1/29/2016 3:10,1/29/2016 6:00,2,138,640,640,4.277777778
138,1/29/2016 6:10,1/29/2016 9:00,3,139,680,730,4.794444444
139,1/29/2016 9:10,1/29/2016 12:00,4,140,620,640,6.408333333
140,1/29/2016 12:10,1/29/2016 15:00,5,141,690,680,8.075
141,1/29/2016 15:10,1/29/2016 18:00,6,142,880,620,8.563888889
142,1/29/2016 18:10,1/29/2016 21:00,7,143,1510,690,8.991666667
143,1/29/2016 21:10,1/29/2016 23:50,8,144,1170,880,9.064705882
144,1/30/2016 0:00,1/30/2016 3:00,1,145,760,1510,8.986842105
145,1/30/2016 3:10,1/30/2016 6:00,2,146,690,1170,8.836111111
146,1/30/2016 6:10,1/30/2016 9:00,3,147,730,760,8.452777778
147,1/30/2016 9:10,1/30/2016 12:00,4,148,1090,690,8.533333333
148,1/30/2016 12:10,1/30/2016 15:00,5,149,4450,730,6.858333333
149,1/30/2016 15:10,1/30/2016 18:00,6,150,5660,1090,6.052777778
150,1/30/2016 18:10,1/30/2016 21:00,7,151,4270,4450,3.713888889
151,1/30/2016 21:10,1/30/2016 23:50,8,152,1140,5660,3.629411765
152,1/31/2016 0:00,1/31/2016 3:00,1,153,820,4270,4.060526316
153,1/31/2016 3:10,1/31/2016 6:00,2,154,760,1140,4.286111111
154,1/31/2016 6:10,1/31/2016 9:00,3,155,1420,820,4.575
155,1/31/2016 9:10,1/31/2016 12:00,4,156,4240,760,5.811111111
156,1/31/2016 12:10,1/31/2016 15:00,5,157,4040,1420,7.194444444
157,1/31/2016 15:10,1/31/2016 18:00,6,158,2730,4240,8.85
158,1/31/2016 18:10,1/31/2016 21:00,7,159,3500,4040,11.50833333
159,1/31/2016 21:10,1/31/2016 23:50,8,160,1130,2730,11.5
160,2/1/2016 0:00,2/1/2016 3:00,1,161,820,3500,11.35
161,2/1/2016 3:10,2/1/2016 6:00,2,162,830,1130,10.88333333
162,2/1/2016 6:10,2/1/2016 9:00,3,163,1770,820,10.57777778
163,2/1/2016 9:10,2/1/2016 12:00,4,164,3570,830,11.15833333
164,2/1/2016 12:10,2/1/2016 15:00,5,165,5730,1770,11.39166667
165,2/1/2016 15:10,2/1/2016 18:00,6,166,4790,3570,11.29444444
166,2/1/2016 18:10,2/1/2016 21:00,7,167,3430,5730,10.71944444
167,2/1/2016 21:10,2/1/2016 23:50,8,168,1510,4790,10.21470588
168,2/2/2016 0:00,2/2/2016 3:00,1,169,980,3430,10.25526316
169,2/2/2016 3:10,2/2/2016 6:00,2,170,820,1510,9.766666667
170,2/2/2016 6:10,2/2/2016 9:00,3,171,1360,980,9.163888889
171,2/2/2016 9:10,2/2/2016 12:00,4,172,1270,820,8.766666667
172,2/2/2016 12:10,2/2/2016 15:00,5,173,1340,1360,8.152777778
173,2/2/2016 15:10,2/2/2016 18:00,6,174,1190,1270,7.394444444
174,2/2/2016 18:10,2/2/2016 21:00,7,175,2930,1340,6.858333333
175,2/2/2016 21:10,2/2/2016 23:50,8,176,1330,1190,5.794117647
176,2/3/2016 0:00,2/3/2016 3:00,1,177,1190,2930,4.760526316
177,2/3/2016 3:10,2/3/2016 6:00,2,178,1000,1330,4.6
178,2/3/2016 6:10,2/3/2016 9:00,3,179,1820,1190,4.216666667
179,2/3/2016 9:10,2/3/2016 12:00,4,180,4000,1000,4.888888889
180,2/3/2016 12:10,2/3/2016 15:00,5,181,2520,1820,6.005555556
181,2/3/2016 15:10,2/3/2016 18:00,6,182,3860,4000,5.197222222
182,2/3/2016 18:10,2/3/2016 21:00,7,183,3260,2520,5.169444444
183,2/3/2016 21:10,2/3/2016 23:50,8,184,1490,3860,4.226470588
184,2/4/2016 0:00,2/4/2016 3:00,1,185,830,3260,2.189473684
185,2/4/2016 3:10,2/4/2016 6:00,2,186,740,1490,2.102777778
186,2/4/2016 6:10,2/4/2016 9:00,3,187,910,830,3.619444444
187,2/4/2016 9:10,2/4/2016 12:00,4,188,2010,740,4.980555556
188,2/4/2016 12:10,2/4/2016 15:00,5,189,3160,910,8.455555556
189,2/4/2016 15:10,2/4/2016 18:00,6,190,1700,2010,9.8
190,2/4/2016 18:10,2/4/2016 21:00,7,191,3290,3160,8.169444444
191,2/4/2016 21:10,2/4/2016 23:50,8,192,1810,1700,6.526470588
192,2/5/2016 0:00,2/5/2016 3:00,1,193,810,3290,7.352631579
193,2/5/2016 3:10,2/5/2016 6:00,2,194,760,1810,8.602777778
194,2/5/2016 6:10,2/5/2016 9:00,3,195,820,810,8.766666667
195,2/5/2016 9:10,2/5/2016 12:00,4,196,950,760,9.294444444
196,2/5/2016 12:10,2/5/2016 15:00,5,197,920,820,9.8
197,2/5/2016 15:10,2/5/2016 18:00,6,198,1090,950,9.866666667
198,2/5/2016 18:10,2/5/2016 21:00,7,199,2760,920,9.305555556
199,2/5/2016 21:10,2/5/2016 23:50,8,200,900,1090,8.873529412
200,2/6/2016 0:00,2/6/2016 3:00,1,201,890,2760,9.2
201,2/6/2016 3:10,2/6/2016 6:00,2,202,770,900,8.969444444
202,2/6/2016 6:10,2/6/2016 9:00,3,203,830,890,8.122222222
203,2/6/2016 9:10,2/6/2016 12:00,4,204,900,770,8.830555556
204,2/6/2016 12:10,2/6/2016 15:00,5,205,1200,830,10.46944444
205,2/6/2016 15:10,2/6/2016 18:00,6,206,3930,900,10.71388889
206,2/6/2016 18:10,2/6/2016 21:00,7,207,2120,1200,10.80555556
207,2/6/2016 21:10,2/6/2016 23:50,8,208,1340,3930,11.00294118
208,2/7/2016 0:00,2/7/2016 3:00,1,209,800,2120,11.13684211
209,2/7/2016 3:10,2/7/2016 6:00,2,210,760,1340,8.994444444
210,2/7/2016 6:10,2/7/2016 9:00,3,211,810,800,7.1
211,2/7/2016 9:10,2/7/2016 12:00,4,212,950,760,7.288888889
212,2/7/2016 12:10,2/7/2016 15:00,5,213,950,810,8.230555556
213,2/7/2016 15:10,2/7/2016 18:00,6,214,1810,950,8.202777778
214,2/7/2016 18:10,2/7/2016 21:00,7,215,3480,950,7.322222222
215,2/7/2016 21:10,2/7/2016 23:50,8,216,1870,1810,7.638235294
216,2/8/2016 0:00,2/8/2016 3:00,1,217,870,3480,7.794736842
217,2/8/2016 3:10,2/8/2016 6:00,2,218,760,1870,7.861111111
218,2/8/2016 6:10,2/8/2016 9:00,3,219,1010,870,8.755555556
219,2/8/2016 9:10,2/8/2016 12:00,4,220,4130,760,8.161111111
220,2/8/2016 12:10,2/8/2016 15:00,5,221,4600,1010,8.222222222
221,2/8/2016 15:10,2/8/2016 18:00,6,222,5030,4130,7.980555556
222,2/8/2016 18:10,2/8/2016 21:00,7,223,3660,4600,7.794444444
223,2/8/2016 21:10,2/8/2016 23:50,8,224,1160,5030,7.241176471
224,2/9/2016 0:00,2/9/2016 3:00,1,225,850,3660,6.286842105
225,2/9/2016 3:10,2/9/2016 6:00,2,226,790,1160,6.208333333
226,2/9/2016 6:10,2/9/2016 9:00,3,227,900,850,6.266666667
227,2/9/2016 9:10,2/9/2016 12:00,4,228,3390,790,5.305555556
228,2/9/2016 12:10,2/9/2016 15:00,5,229,3980,900,4.730555556
229,2/9/2016 15:10,2/9/2016 18:00,6,230,2590,3390,3.866666667
230,2/9/2016 18:10,2/9/2016 21:00,7,231,3850,3980,3.686111111
231,2/9/2016 21:10,2/9/2016 23:50,8,232,1760,2590,3.417647059
232,2/10/2016 0:00,2/10/2016 3:00,1,233,1330,3850,3.231578947
233,2/10/2016 3:10,2/10/2016 6:00,2,234,1190,1760,2.658333333
234,2/10/2016 6:10,2/10/2016 9:00,3,235,1320,1330,2.866666667
235,2/10/2016 9:10,2/10/2016 12:00,4,236,1670,1190,4.783333333
236,2/10/2016 12:10,2/10/2016 15:00,5,237,1410,1320,5.277777778
237,2/10/2016 15:10,2/10/2016 18:00,6,238,1710,1670,5.811111111
238,2/10/2016 18:10,2/10/2016 21:00,7,239,3560,1410,4.841666667
239,2/10/2016 21:10,2/10/2016 23:50,8,240,1690,1710,4.458823529
240,2/11/2016 0:00,2/11/2016 3:00,1,241,970,3560,3.821052632
241,2/11/2016 3:10,2/11/2016 6:00,2,242,820,1690,2.352777778
242,2/11/2016 6:10,2/11/2016 9:00,3,243,1290,970,1.722222222
243,2/11/2016 9:10,2/11/2016 12:00,4,244,2090,820,3.936111111
244,2/11/2016 12:10,2/11/2016 15:00,5,245,1980,1290,5.252777778
245,2/11/2016 15:10,2/11/2016 18:00,6,246,2600,2090,4.972222222
246,2/11/2016 18:10,2/11/2016 21:00,7,247,4040,1980,3.205555556
247,2/11/2016 21:10,2/11/2016 23:50,8,248,1510,2600,2.997058824
248,2/12/2016 0:00,2/12/2016 3:00,1,249,1040,4040,2.731578947
249,2/12/2016 3:10,2/12/2016 6:00,2,250,920,1510,1.958333333
250,2/12/2016 6:10,2/12/2016 9:00,3,251,990,1040,2.533333333
251,2/12/2016 9:10,2/12/2016 12:00,4,252,3200,920,3.608333333
252,2/12/2016 12:10,2/12/2016 15:00,5,253,5190,990,5.2
253,2/12/2016 15:10,2/12/2016 18:00,6,254,2160,3200,5.147222222
254,2/12/2016 18:10,2/12/2016 21:00,7,255,2320,5190,2.747222222
255,2/12/2016 21:10,2/12/2016 23:50,8,256,1150,2160,1.729411765
256,2/13/2016 0:00,2/13/2016 3:00,1,257,980,2320,0.613157895
257,2/13/2016 3:10,2/13/2016 6:00,2,258,890,1150,0.772222222
258,2/13/2016 6:10,2/13/2016 9:00,3,259,920,980,1.172222222
259,2/13/2016 9:10,2/13/2016 12:00,4,260,3080,890,2.577777778
260,2/13/2016 12:10,2/13/2016 15:00,5,261,2130,920,3.188888889
261,2/13/2016 15:10,2/13/2016 18:00,6,262,1450,3080,3.694444444
262,2/13/2016 18:10,2/13/2016 21:00,7,263,3370,2130,3.461111111
263,2/13/2016 21:10,2/13/2016 23:50,8,264,1020,1450,3.064705882
264,2/14/2016 0:00,2/14/2016 3:00,1,265,1000,3370,2.736842105
265,2/14/2016 3:10,2/14/2016 6:00,2,266,1000,1020,2.594444444
266,2/14/2016 6:10,2/14/2016 9:00,3,267,1440,1000,2.433333333
267,2/14/2016 9:10,2/14/2016 12:00,4,268,2280,1000,2.730555556
268,2/14/2016 12:10,2/14/2016 15:00,5,269,2210,1440,3.291666667
269,2/14/2016 15:10,2/14/2016 18:00,6,270,1950,2280,2.988888889
270,2/14/2016 18:10,2/14/2016 21:00,7,271,3300,2210,2.730555556
271,2/14/2016 21:10,2/14/2016 23:50,8,272,1570,1950,2.329411765
272,2/15/2016 0:00,2/15/2016 3:00,1,273,1050,3300,2.486842105
273,2/15/2016 3:10,2/15/2016 6:00,2,274,980,1570,2.4
274,2/15/2016 6:10,2/15/2016 9:00,3,275,1480,1050,1.838888889
275,2/15/2016 9:10,2/15/2016 12:00,4,276,3600,980,3.347222222
276,2/15/2016 12:10,2/15/2016 15:00,5,277,3520,1480,5.283333333
277,2/15/2016 15:10,2/15/2016 18:00,6,278,1030,3600,4.944444444
278,2/15/2016 18:10,2/15/2016 21:00,7,279,3930,3520,1.763888889
279,2/15/2016 21:10,2/15/2016 23:50,8,280,1360,1030,-0.261764706
280,2/16/2016 0:00,2/16/2016 3:00,1,281,890,3930,-1.063157895
281,2/16/2016 3:10,2/16/2016 6:00,2,282,740,1360,-2.572222222
282,2/16/2016 6:10,2/16/2016 9:00,3,283,2610,890,-2.913888889
283,2/16/2016 9:10,2/16/2016 12:00,4,284,3290,740,0.888888889
284,2/16/2016 12:10,2/16/2016 15:00,5,285,1210,2610,3.977777778
285,2/16/2016 15:10,2/16/2016 18:00,6,286,940,3290,3.947222222
286,2/16/2016 18:10,2/16/2016 21:00,7,287,2530,1210,0.247222222
287,2/16/2016 21:10,2/16/2016 23:50,8,288,1210,940,-1.855882353
288,2/17/2016 0:00,2/17/2016 3:00,1,289,1030,2530,-3.068421053
289,2/17/2016 3:10,2/17/2016 6:00,2,290,1030,1210,-3.038888889
290,2/17/2016 6:10,2/17/2016 9:00,3,291,1070,1030,-3.936111111
291,2/17/2016 9:10,2/17/2016 12:00,4,292,1280,1030,0.019444444
292,2/17/2016 12:10,2/17/2016 15:00,5,293,1160,1070,3.036111111
293,2/17/2016 15:10,2/17/2016 18:00,6,294,1320,1280,2.719444444
294,2/17/2016 18:10,2/17/2016 21:00,7,295,1660,1160,0.672222222
295,2/17/2016 21:10,2/17/2016 23:50,8,296,1070,1320,-0.223529412
296,2/18/2016 0:00,2/18/2016 3:00,1,297,970,1660,-0.373684211
297,2/18/2016 3:10,2/18/2016 6:00,2,298,850,1070,-1.052777778
298,2/18/2016 6:10,2/18/2016 9:00,3,299,1300,970,-0.027777778
299,2/18/2016 9:10,2/18/2016 12:00,4,300,3030,850,1.627777778
300,2/18/2016 12:10,2/18/2016 15:00,5,301,1260,1300,3.361111111
301,2/18/2016 15:10,2/18/2016 18:00,6,302,1200,3030,3.047222222
302,2/18/2016 18:10,2/18/2016 21:00,7,303,2370,1260,1.886111111
303,2/18/2016 21:10,2/18/2016 23:50,8,304,1080,1200,0.941176471
304,2/19/2016 0:00,2/19/2016 3:00,1,305,830,2370,0.273684211
305,2/19/2016 3:10,2/19/2016 6:00,2,306,740,1080,0.622222222
306,2/19/2016 6:10,2/19/2016 9:00,3,307,1310,830,-0.733333333
307,2/19/2016 9:10,2/19/2016 12:00,4,308,4770,740,2.866666667
308,2/19/2016 12:10,2/19/2016 15:00,5,309,3860,1310,6.436111111
309,2/19/2016 15:10,2/19/2016 18:00,6,310,3620,4770,6.680555556
310,2/19/2016 18:10,2/19/2016 21:00,7,311,1310,3860,4.358333333
311,2/19/2016 21:10,2/19/2016 23:50,8,312,710,3620,5.067647059
312,2/20/2016 0:00,2/20/2016 3:00,1,313,790,1310,5.789473684
313,2/20/2016 3:10,2/20/2016 6:00,2,314,770,710,5.758333333
314,2/20/2016 6:10,2/20/2016 9:00,3,315,810,790,7.111111111
315,2/20/2016 9:10,2/20/2016 12:00,4,316,3200,770,8.644444444
316,2/20/2016 12:10,2/20/2016 15:00,5,317,3650,810,9.655555556
317,2/20/2016 15:10,2/20/2016 18:00,6,318,1470,3200,9.655555556
318,2/20/2016 18:10,2/20/2016 21:00,7,319,2740,3650,10.1
319,2/20/2016 21:10,2/20/2016 23:50,8,320,1080,1470,10.92058824
320,2/21/2016 0:00,2/21/2016 3:00,1,321,860,2740,10.43684211
321,2/21/2016 3:10,2/21/2016 6:00,2,322,850,1080,10.1
322,2/21/2016 6:10,2/21/2016 9:00,3,323,830,860,10.53055556
323,2/21/2016 9:10,2/21/2016 12:00,4,324,1290,850,10.825
324,2/21/2016 12:10,2/21/2016 15:00,5,325,1650,830,11.34444444
325,2/21/2016 15:10,2/21/2016 18:00,6,326,1930,1290,11.93055556
326,2/21/2016 18:10,2/21/2016 21:00,7,327,4200,1650,11.1
327,2/21/2016 21:10,2/21/2016 23:50,8,328,1150,1930,10.53529412
328,2/22/2016 0:00,2/22/2016 3:00,1,329,1070,4200,9.965789474
329,2/22/2016 3:10,2/22/2016 6:00,2,330,930,1150,10.02777778
330,2/22/2016 6:10,2/22/2016 9:00,3,331,1100,1070,9.486111111
331,2/22/2016 9:10,2/22/2016 12:00,4,332,2950,930,9.352777778
332,2/22/2016 12:10,2/22/2016 15:00,5,333,1740,1100,10.34722222
333,2/22/2016 15:10,2/22/2016 18:00,6,334,1540,2950,7.011111111
334,2/22/2016 18:10,2/22/2016 21:00,7,335,2890,1740,5.475
335,2/22/2016 21:10,2/22/2016 23:50,8,336,1230,1540,5.026470588
336,2/23/2016 0:00,2/23/2016 3:00,1,337,1120,2890,4.005263158
337,2/23/2016 3:10,2/23/2016 6:00,2,338,1020,1230,3.713888889
338,2/23/2016 6:10,2/23/2016 9:00,3,339,970,1120,3.897222222
339,2/23/2016 9:10,2/23/2016 12:00,4,340,2460,1020,5.6
340,2/23/2016 12:10,2/23/2016 15:00,5,341,1680,970,6.588888889
341,2/23/2016 15:10,2/23/2016 18:00,6,342,1700,2460,5.686111111
342,2/23/2016 18:10,2/23/2016 21:00,7,343,2720,1680,3.672222222
343,2/23/2016 21:10,2/23/2016 23:50,8,344,1100,1700,1.252941176
344,2/24/2016 0:00,2/24/2016 3:00,1,345,890,2720,-0.044736842
345,2/24/2016 3:10,2/24/2016 6:00,2,346,860,1100,-1.127777778
346,2/24/2016 6:10,2/24/2016 9:00,3,347,900,890,-2.022222222
347,2/24/2016 9:10,2/24/2016 12:00,4,348,1180,860,3.369444444
348,2/24/2016 12:10,2/24/2016 15:00,5,349,2010,900,6.158333333
349,2/24/2016 15:10,2/24/2016 18:00,6,350,1950,1180,5.955555556
350,2/24/2016 18:10,2/24/2016 21:00,7,351,1980,2010,2.886111111
351,2/24/2016 21:10,2/24/2016 23:50,8,352,1460,1950,1.061764706
352,2/25/2016 0:00,2/25/2016 3:00,1,353,900,1980,0.668421053
353,2/25/2016 3:10,2/25/2016 6:00,2,354,800,1460,-0.022222222
354,2/25/2016 6:10,2/25/2016 9:00,3,355,1500,900,-0.247222222
355,2/25/2016 9:10,2/25/2016 12:00,4,356,4370,800,3.758333333
356,2/25/2016 12:10,2/25/2016 15:00,5,357,4510,1500,5.577777778
357,2/25/2016 15:10,2/25/2016 18:00,6,358,1830,4370,4.713888889
358,2/25/2016 18:10,2/25/2016 21:00,7,359,3040,4510,2.741666667
359,2/25/2016 21:10,2/25/2016 23:50,8,360,1060,1830,2.076470588
360,2/26/2016 0:00,2/26/2016 3:00,1,361,800,3040,1.768421053
361,2/26/2016 3:10,2/26/2016 6:00,2,362,790,1060,1.069444444
362,2/26/2016 6:10,2/26/2016 9:00,3,363,1590,800,1.097222222
363,2/26/2016 9:10,2/26/2016 12:00,4,364,2960,790,3.222222222
364,2/26/2016 12:10,2/26/2016 15:00,5,365,3220,1590,5.433333333
365,2/26/2016 15:10,2/26/2016 18:00,6,366,940,2960,5.341666667
366,2/26/2016 18:10,2/26/2016 21:00,7,367,2230,3220,3.852777778
367,2/26/2016 21:10,2/26/2016 23:50,8,368,1020,940,2.902941176
368,2/27/2016 0:00,2/27/2016 3:00,1,369,820,2230,2.015789474
369,2/27/2016 3:10,2/27/2016 6:00,2,370,780,1020,1.258333333
370,2/27/2016 6:10,2/27/2016 9:00,3,371,930,820,0.597222222
371,2/27/2016 9:10,2/27/2016 12:00,4,372,2470,780,3.652777778
372,2/27/2016 12:10,2/27/2016 15:00,5,373,2740,930,5.891666667
373,2/27/2016 15:10,2/27/2016 18:00,6,374,1140,2470,5.869444444
374,2/27/2016 18:10,2/27/2016 21:00,7,375,1780,2740,3.380555556
375,2/27/2016 21:10,2/27/2016 23:50,8,376,1330,1140,1.805882353
376,2/28/2016 0:00,2/28/2016 3:00,1,377,930,1780,0.768421053
377,2/28/2016 3:10,2/28/2016 6:00,2,378,860,1330,0.083333333
378,2/28/2016 6:10,2/28/2016 9:00,3,379,930,930,-0.130555556
379,2/28/2016 9:10,2/28/2016 12:00,4,380,1040,860,2.605555556
380,2/28/2016 12:10,2/28/2016 15:00,5,381,890,930,5.477777778
381,2/28/2016 15:10,2/28/2016 18:00,6,382,860,1040,5.552777778
382,2/28/2016 18:10,2/28/2016 21:00,7,383,1130,890,3.844444444
383,2/28/2016 21:10,2/28/2016 23:50,8,384,1060,860,2.229411765
384,2/29/2016 0:00,2/29/2016 3:00,1,385,960,1130,1.4
385,2/29/2016 3:10,2/29/2016 6:00,2,386,800,1060,0.238888889
386,2/29/2016 6:10,2/29/2016 9:00,3,387,2000,960,0.036111111
387,2/29/2016 9:10,2/29/2016 12:00,4,388,4000,800,3.019444444
388,2/29/2016 12:10,2/29/2016 15:00,5,389,5780,2000,5.411111111
389,2/29/2016 15:10,2/29/2016 18:00,6,390,4770,4000,5.722222222
390,2/29/2016 18:10,2/29/2016 21:00,7,391,3090,5780,1.991666667
391,2/29/2016 21:10,2/29/2016 23:50,8,392,1230,4770,-0.711764706
392,3/1/2016 0:00,3/1/2016 3:00,1,393,970,3090,-2.007894737
393,3/1/2016 3:10,3/1/2016 6:00,2,394,740,1230,-2.627777778
394,3/1/2016 6:10,3/1/2016 9:00,3,395,1170,970,-0.363888889
395,3/1/2016 9:10,3/1/2016 12:00,4,396,1310,740,2.469444444
396,3/1/2016 12:10,3/1/2016 15:00,5,397,1580,1170,3.755555556
397,3/1/2016 15:10,3/1/2016 18:00,6,398,890,1310,4.827777778
398,3/1/2016 18:10,3/1/2016 21:00,7,399,2710,1580,6.330555556
399,3/1/2016 21:10,3/1/2016 23:50,8,400,1050,890,7.779411765
400,3/2/2016 0:00,3/2/2016 3:00,1,401,830,2710,8.239473684
401,3/2/2016 3:10,3/2/2016 6:00,2,402,800,1050,7.541666667
402,3/2/2016 6:10,3/2/2016 9:00,3,403,1690,830,6.422222222
403,3/2/2016 9:10,3/2/2016 12:00,4,404,2310,800,6.375
404,3/2/2016 12:10,3/2/2016 15:00,5,405,1270,1690,7.997222222
405,3/2/2016 15:10,3/2/2016 18:00,6,406,2020,2310,5.433333333
406,3/2/2016 18:10,3/2/2016 21:00,7,407,3280,1270,2.805555556
407,3/2/2016 21:10,3/2/2016 23:50,8,408,1160,2020,2.352941176
408,3/3/2016 0:00,3/3/2016 3:00,1,409,840,3280,2.25
409,3/3/2016 3:10,3/3/2016 6:00,2,410,800,1160,3.305555556
410,3/3/2016 6:10,3/3/2016 9:00,3,411,970,840,3.497222222
411,3/3/2016 9:10,3/3/2016 12:00,4,412,1560,800,4.044444444
412,3/3/2016 12:10,3/3/2016 15:00,5,413,2990,970,6.566666667
413,3/3/2016 15:10,3/3/2016 18:00,6,414,2000,1560,7.188888889
414,3/3/2016 18:10,3/3/2016 21:00,7,415,1700,2990,3.472222222
415,3/3/2016 21:10,3/3/2016 23:50,8,416,950,2000,1.782352941
416,3/4/2016 0:00,3/4/2016 3:00,1,417,910,1700,3.581578947
417,3/4/2016 3:10,3/4/2016 6:00,2,418,790,950,3.963888889
418,3/4/2016 6:10,3/4/2016 9:00,3,419,800,910,3.903571429
419,3/4/2016 9:10,3/4/2016 12:00,4,420,780,790,4.289285714
420,3/4/2016 12:10,3/4/2016 15:00,5,421,2980,800,5.059920635
421,3/4/2016 15:10,3/4/2016 18:00,6,422,3760,780,6.847222222
422,3/4/2016 18:10,3/4/2016 21:00,7,423,2360,2980,3.361111111
423,3/4/2016 21:10,3/4/2016 23:50,8,424,1350,3760,1.470588235
424,3/5/2016 0:00,3/5/2016 3:00,1,425,850,2360,0.489473684
425,3/5/2016 3:10,3/5/2016 6:00,2,426,770,1350,0.297222222
426,3/5/2016 6:10,3/5/2016 9:00,3,427,800,850,1.233333333
427,3/5/2016 9:10,3/5/2016 12:00,4,428,1140,770,2.908333333
428,3/5/2016 12:10,3/5/2016 15:00,5,429,2430,800,5.088888889
429,3/5/2016 15:10,3/5/2016 18:00,6,430,3630,1140,6.213888889
430,3/5/2016 18:10,3/5/2016 21:00,7,431,2280,2430,2.761111111
431,3/5/2016 21:10,3/5/2016 23:50,8,432,1260,3630,3.158823529
432,3/6/2016 0:00,3/6/2016 3:00,1,433,800,2280,3.355263158
433,3/6/2016 3:10,3/6/2016 6:00,2,434,790,1260,2.902777778
434,3/6/2016 6:10,3/6/2016 9:00,3,435,760,800,2.813888889
435,3/6/2016 9:10,3/6/2016 12:00,4,436,1140,790,2.930555556
436,3/6/2016 12:10,3/6/2016 15:00,5,437,1380,760,4.258333333
437,3/6/2016 15:10,3/6/2016 18:00,6,438,1800,1140,2.830555556
438,3/6/2016 18:10,3/6/2016 21:00,7,439,4570,1380,2.130555556
439,3/6/2016 21:10,3/6/2016 23:50,8,440,1680,1800,0.726470588
440,3/7/2016 0:00,3/7/2016 3:00,1,441,820,4570,0.236842105
441,3/7/2016 3:10,3/7/2016 6:00,2,442,730,1680,0.136111111
442,3/7/2016 6:10,3/7/2016 9:00,3,443,1420,820,0.336111111
443,3/7/2016 9:10,3/7/2016 12:00,4,444,6340,730,1.919444444
444,3/7/2016 12:10,3/7/2016 15:00,5,445,4560,1420,4.127777778
445,3/7/2016 15:10,3/7/2016 18:00,6,446,2800,6340,3.377777778
446,3/7/2016 18:10,3/7/2016 21:00,7,447,2580,4560,2.016666667
447,3/7/2016 21:10,3/7/2016 23:50,8,448,1290,2800,0.802941176
448,3/8/2016 0:00,3/8/2016 3:00,1,449,1070,2580,0.578947368
449,3/8/2016 3:10,3/8/2016 6:00,2,450,800,1290,-0.163888889
450,3/8/2016 6:10,3/8/2016 9:00,3,451,880,1070,-0.227777778
451,3/8/2016 9:10,3/8/2016 12:00,4,452,830,800,3.175
452,3/8/2016 12:10,3/8/2016 15:00,5,453,1810,880,6.391666667
453,3/8/2016 15:10,3/8/2016 18:00,6,454,920,830,6.638888889
454,3/8/2016 18:10,3/8/2016 21:00,7,455,3390,1810,5.241666667
455,3/8/2016 21:10,3/8/2016 23:50,8,456,1070,920,4.605882353
456,3/9/2016 0:00,3/9/2016 3:00,1,457,850,3390,4.444736842
457,3/9/2016 3:10,3/9/2016 6:00,2,458,780,1070,3.855555556
458,3/9/2016 6:10,3/9/2016 9:00,3,459,1910,850,4.036111111
459,3/9/2016 9:10,3/9/2016 12:00,4,460,2070,780,5.488888889
460,3/9/2016 12:10,3/9/2016 15:00,5,461,1300,1910,6.830555556
461,3/9/2016 15:10,3/9/2016 18:00,6,462,1890,2070,6.511111111
462,3/9/2016 18:10,3/9/2016 21:00,7,463,2470,1300,5.641666667
463,3/9/2016 21:10,3/9/2016 23:50,8,464,1230,1890,4.632352941
464,3/10/2016 0:00,3/10/2016 3:00,1,465,1010,2470,2.323684211
465,3/10/2016 3:10,3/10/2016 6:00,2,466,780,1230,0.5
466,3/10/2016 6:10,3/10/2016 9:00,3,467,820,1010,0.047222222
467,3/10/2016 9:10,3/10/2016 12:00,4,468,1600,780,5.483333333
468,3/10/2016 12:10,3/10/2016 15:00,5,469,1170,820,9.405555556
469,3/10/2016 15:10,3/10/2016 18:00,6,470,2990,1600,9.716666667
470,3/10/2016 18:10,3/10/2016 21:00,7,471,3910,1170,6.411111111
471,3/10/2016 21:10,3/10/2016 23:50,8,472,1100,2990,3.238235294
472,3/11/2016 0:00,3/11/2016 3:00,1,473,880,3910,1.276315789
473,3/11/2016 3:10,3/11/2016 6:00,2,474,840,1100,-0.119444444
474,3/11/2016 6:10,3/11/2016 9:00,3,475,1910,880,-0.261111111
475,3/11/2016 9:10,3/11/2016 12:00,4,476,1460,840,4.205555556
476,3/11/2016 12:10,3/11/2016 15:00,5,477,910,1910,8.727777778
477,3/11/2016 15:10,3/11/2016 18:00,6,478,890,1460,9.269444444
478,3/11/2016 18:10,3/11/2016 21:00,7,479,2280,910,6.919444444
479,3/11/2016 21:10,3/11/2016 23:50,8,480,1060,890,5.014705882
480,3/12/2016 0:00,3/12/2016 3:00,1,481,830,2280,3.65
481,3/12/2016 3:10,3/12/2016 6:00,2,482,800,1060,0.986111111
482,3/12/2016 6:10,3/12/2016 9:00,3,483,900,830,-0.108333333
483,3/12/2016 9:10,3/12/2016 12:00,4,484,1680,800,4.458333333
484,3/12/2016 12:10,3/12/2016 15:00,5,485,2750,900,8.616666667
485,3/12/2016 15:10,3/12/2016 18:00,6,486,1430,1680,9.555555556
486,3/12/2016 18:10,3/12/2016 21:00,7,487,3930,2750,6
487,3/12/2016 21:10,3/12/2016 23:50,8,488,1880,1430,3.047058824
488,3/13/2016 0:00,3/13/2016 3:00,1,489,950,3930,0.873684211
489,3/13/2016 3:10,3/13/2016 6:00,2,490,920,1880,-0.713888889
490,3/13/2016 6:10,3/13/2016 9:00,3,491,1000,950,-0.611111111
491,3/13/2016 9:10,3/13/2016 12:00,4,492,1660,920,3.605555556
492,3/13/2016 12:10,3/13/2016 15:00,5,493,1100,1000,8.263888889
493,3/13/2016 15:10,3/13/2016 18:00,6,494,1140,1660,9.402777778
494,3/13/2016 18:10,3/13/2016 21:00,7,495,2030,1100,6.347222222
495,3/13/2016 21:10,3/13/2016 23:50,8,496,980,1140,4.317647059
496,3/14/2016 0:00,3/14/2016 3:00,1,497,810,2030,1.823684211
497,3/14/2016 3:10,3/14/2016 6:00,2,498,790,980,0.205555556
498,3/14/2016 6:10,3/14/2016 9:00,3,499,2050,810,0.166666667
499,3/14/2016 9:10,3/14/2016 12:00,4,500,5050,790,2.694444444
500,3/14/2016 12:10,3/14/2016 15:00,5,501,5010,2050,5.261111111
501,3/14/2016 15:10,3/14/2016 18:00,6,502,5530,5050,7.491666667
502,3/14/2016 18:10,3/14/2016 21:00,7,503,3000,5010,4.741666667
503,3/14/2016 21:10,3/14/2016 23:50,8,504,1380,5530,2.511764706
504,3/15/2016 0:00,3/15/2016 3:00,1,505,870,3000,0.610526316
505,3/15/2016 3:10,3/15/2016 6:00,2,506,810,1380,-0.855555556
506,3/15/2016 6:10,3/15/2016 9:00,3,507,1680,870,-0.588888889
507,3/15/2016 9:10,3/15/2016 12:00,4,508,1090,810,4.488888889
508,3/15/2016 12:10,3/15/2016 15:00,5,509,1510,1680,9.677777778
509,3/15/2016 15:10,3/15/2016 18:00,6,510,2090,1090,9.497222222
510,3/15/2016 18:10,3/15/2016 21:00,7,511,4690,1510,6.6
511,3/15/2016 21:10,3/15/2016 23:50,8,512,1270,2090,5.405882353
512,3/16/2016 0:00,3/16/2016 3:00,1,513,1050,4690,4.589473684
513,3/16/2016 3:10,3/16/2016 6:00,2,514,800,1270,3.658333333
514,3/16/2016 6:10,3/16/2016 9:00,3,515,2000,1050,2.619444444
515,3/16/2016 9:10,3/16/2016 12:00,4,516,4010,800,5.875
516,3/16/2016 12:10,3/16/2016 15:00,5,517,4160,2000,7.525
517,3/16/2016 15:10,3/16/2016 18:00,6,518,4970,4010,7.861111111
518,3/16/2016 18:10,3/16/2016 21:00,7,519,4780,4160,5.947222222
519,3/16/2016 21:10,3/16/2016 23:50,8,520,1040,4970,3.832352941
520,3/17/2016 0:00,3/17/2016 3:00,1,521,900,4780,1.492105263
521,3/17/2016 3:10,3/17/2016 6:00,2,522,850,1040,0.294444444
522,3/17/2016 6:10,3/17/2016 9:00,3,523,1730,900,0.275
523,3/17/2016 9:10,3/17/2016 12:00,4,524,1910,850,5.955555556
524,3/17/2016 12:10,3/17/2016 15:00,5,525,1040,1730,9.463888889
525,3/17/2016 15:10,3/17/2016 18:00,6,526,1550,1910,10.02222222
526,3/17/2016 18:10,3/17/2016 21:00,7,527,3290,1040,6.308333333
527,3/17/2016 21:10,3/17/2016 23:50,8,528,1240,1550,3.052941176
528,3/18/2016 0:00,3/18/2016 3:00,1,529,900,3290,1.668421053
529,3/18/2016 3:10,3/18/2016 6:00,2,530,810,1240,0.680555556
530,3/18/2016 6:10,3/18/2016 9:00,3,531,940,900,2.033333333
531,3/18/2016 9:10,3/18/2016 12:00,4,532,960,810,2.852777778
532,3/18/2016 12:10,3/18/2016 15:00,5,533,1070,940,6.061111111
533,3/18/2016 15:10,3/18/2016 18:00,6,534,1150,960,6.872222222
534,3/18/2016 18:10,3/18/2016 21:00,7,535,2180,1070,5.572222222
535,3/18/2016 21:10,3/18/2016 23:50,8,536,1010,1150,5.058823529
536,3/19/2016 0:00,3/19/2016 3:00,1,537,920,2180,5.018421053
537,3/19/2016 3:10,3/19/2016 6:00,2,538,830,1010,4.661111111
538,3/19/2016 6:10,3/19/2016 9:00,3,539,1340,920,4.897222222
539,3/19/2016 9:10,3/19/2016 12:00,4,540,4530,830,5.455555556
540,3/19/2016 12:10,3/19/2016 15:00,5,541,3680,1340,6.402777778
541,3/19/2016 15:10,3/19/2016 18:00,6,542,1650,4530,6.958333333
542,3/19/2016 18:10,3/19/2016 21:00,7,543,2240,3680,6.338888889
543,3/19/2016 21:10,3/19/2016 23:50,8,544,1180,1650,5.429411765
544,3/20/2016 0:00,3/20/2016 3:00,1,545,1010,2240,5.194736842
545,3/20/2016 3:10,3/20/2016 6:00,2,546,1000,1180,4.941666667
546,3/20/2016 6:10,3/20/2016 9:00,3,547,1230,1010,4.925
547,3/20/2016 9:10,3/20/2016 12:00,4,548,3790,1000,5.636111111
548,3/20/2016 12:10,3/20/2016 15:00,5,549,2400,1230,6.566666667
549,3/20/2016 15:10,3/20/2016 18:00,6,550,2310,3790,7.802777778
550,3/20/2016 18:10,3/20/2016 21:00,7,551,3130,2400,6.325
551,3/20/2016 21:10,3/20/2016 23:50,8,552,1280,2310,5.7
552,3/21/2016 0:00,3/21/2016 3:00,1,553,1040,3130,4.865789474
553,3/21/2016 3:10,3/21/2016 6:00,2,554,930,1280,4.652777778
554,3/21/2016 6:10,3/21/2016 9:00,3,555,2110,1040,5.702777778
555,3/21/2016 9:10,3/21/2016 12:00,4,556,1040,930,7.75
556,3/21/2016 12:10,3/21/2016 15:00,5,557,940,2110,9.152777778
557,3/21/2016 15:10,3/21/2016 18:00,6,558,950,1040,9.311111111
558,3/21/2016 18:10,3/21/2016 21:00,7,559,2950,940,7.675
559,3/21/2016 21:10,3/21/2016 23:50,8,560,1240,950,6.788235294
560,3/22/2016 0:00,3/22/2016 3:00,1,561,960,2950,5.468421053
561,3/22/2016 3:10,3/22/2016 6:00,2,562,900,1240,3.108333333
562,3/22/2016 6:10,3/22/2016 9:00,3,563,930,960,2.305555556
563,3/22/2016 9:10,3/22/2016 12:00,4,564,840,900,8.644444444
564,3/22/2016 12:10,3/22/2016 15:00,5,565,900,930,11.55833333
565,3/22/2016 15:10,3/22/2016 18:00,6,566,1020,840,11.00833333
566,3/22/2016 18:10,3/22/2016 21:00,7,567,3380,900,7.672222222
567,3/22/2016 21:10,3/22/2016 23:50,8,568,1310,1020,5.532352941
568,3/23/2016 0:00,3/23/2016 3:00,1,569,920,3380,5.463157895
569,3/23/2016 3:10,3/23/2016 6:00,2,570,930,1310,5.138888889
570,3/23/2016 6:10,3/23/2016 9:00,3,571,2550,920,5.7
571,3/23/2016 9:10,3/23/2016 12:00,4,572,1320,930,7.819444444
572,3/23/2016 12:10,3/23/2016 15:00,5,573,1270,2550,8.888888889
573,3/23/2016 15:10,3/23/2016 18:00,6,574,1760,1320,8.633333333
574,3/23/2016 18:10,3/23/2016 21:00,7,575,2410,1270,7.966666667
575,3/23/2016 21:10,3/23/2016 23:50,8,576,1090,1760,6.508823529
576,3/24/2016 0:00,3/24/2016 3:00,1,577,980,2410,5.889473684
577,3/24/2016 3:10,3/24/2016 6:00,2,578,840,1090,5.3
578,3/24/2016 6:10,3/24/2016 9:00,3,579,950,980,5.994444444
579,3/24/2016 9:10,3/24/2016 12:00,4,580,1000,840,7.508333333
580,3/24/2016 12:10,3/24/2016 15:00,5,581,890,950,9.241666667
581,3/24/2016 15:10,3/24/2016 18:00,6,582,1650,1000,9.138888889
582,3/24/2016 18:10,3/24/2016 21:00,7,583,2640,890,7.702777778
583,3/24/2016 21:10,3/24/2016 23:50,8,584,1150,1650,6.514705882
584,3/25/2016 0:00,3/25/2016 3:00,1,585,950,2640,6.263157895
585,3/25/2016 3:10,3/25/2016 6:00,2,586,920,1150,6.166666667
586,3/25/2016 6:10,3/25/2016 9:00,3,587,1740,950,6.277777778
587,3/25/2016 9:10,3/25/2016 12:00,4,588,5440,920,7.408333333
588,3/25/2016 12:10,3/25/2016 15:00,5,589,5480,1740,9.522222222
589,3/25/2016 15:10,3/25/2016 18:00,6,590,5620,5440,10.19722222
590,3/25/2016 18:10,3/25/2016 21:00,7,591,4570,5480,7.605555556
591,3/25/2016 21:10,3/25/2016 23:50,8,592,1260,5620,2.941176471
592,3/26/2016 0:00,3/26/2016 3:00,1,593,1010,4570,3.128947368
593,3/26/2016 3:10,3/26/2016 6:00,2,594,900,1260,3.341666667
594,3/26/2016 6:10,3/26/2016 9:00,3,595,1060,1010,5.336111111
595,3/26/2016 9:10,3/26/2016 12:00,4,596,3730,900,9.213888889
596,3/26/2016 12:10,3/26/2016 15:00,5,597,2080,1060,13.15555556
597,3/26/2016 15:10,3/26/2016 18:00,6,598,1620,3730,13.39166667
598,3/26/2016 18:10,3/26/2016 21:00,7,599,3060,2080,13.36944444
599,3/26/2016 21:10,3/26/2016 23:50,8,600,2230,1620,13.29411765
600,3/27/2016 0:00,3/27/2016 3:00,1,601,1070,3060,8.771052632
601,3/27/2016 3:10,3/27/2016 6:00,2,602,1070,2230,6.930555556
602,3/27/2016 6:10,3/27/2016 9:00,3,603,1000,1070,6.327777778
603,3/27/2016 9:10,3/27/2016 12:00,4,604,1540,1070,7.822222222
604,3/27/2016 12:10,3/27/2016 15:00,5,605,1210,1000,11.44722222
605,3/27/2016 15:10,3/27/2016 18:00,6,606,1410,1540,12.38611111
606,3/27/2016 18:10,3/27/2016 21:00,7,607,1910,1210,9.658333333
607,3/27/2016 21:10,3/27/2016 23:50,8,608,1310,1410,8.394117647
608,3/28/2016 0:00,3/28/2016 3:00,1,609,1140,1910,8.763157895
609,3/28/2016 3:10,3/28/2016 6:00,2,610,1060,1310,8.327777778
610,3/28/2016 6:10,3/28/2016 9:00,3,611,1150,1140,8.361111111
611,3/28/2016 9:10,3/28/2016 12:00,4,612,2670,1060,9.030555556
612,3/28/2016 12:10,3/28/2016 15:00,5,613,3630,1150,10.59444444
613,3/28/2016 15:10,3/28/2016 18:00,6,614,4140,2670,10.24444444
614,3/28/2016 18:10,3/28/2016 21:00,7,615,3520,3630,8.966666667
615,3/28/2016 21:10,3/28/2016 23:50,8,616,1020,4140,7.052941176
616,3/29/2016 0:00,3/29/2016 3:00,1,617,1110,3520,5.965789474
617,3/29/2016 3:10,3/29/2016 6:00,2,618,1030,1020,5.697222222
618,3/29/2016 6:10,3/29/2016 9:00,3,619,1130,1110,5.327777778
619,3/29/2016 9:10,3/29/2016 12:00,4,620,1370,1030,7.944444444
620,3/29/2016 12:10,3/29/2016 15:00,5,621,1960,1130,10.1
621,3/29/2016 15:10,3/29/2016 18:00,6,622,3130,1370,11.35
622,3/29/2016 18:10,3/29/2016 21:00,7,623,2210,1960,10.725
623,3/29/2016 21:10,3/29/2016 23:50,8,624,1230,3130,9.547058824
624,3/30/2016 0:00,3/30/2016 3:00,1,625,1150,2210,9.586842105
625,3/30/2016 3:10,3/30/2016 6:00,2,626,1010,1230,8.8
626,3/30/2016 6:10,3/30/2016 9:00,3,627,1250,1150,7.636111111
627,3/30/2016 9:10,3/30/2016 12:00,4,628,1780,1010,8.783333333
628,3/30/2016 12:10,3/30/2016 15:00,5,629,1660,1250,10.26111111
629,3/30/2016 15:10,3/30/2016 18:00,6,630,1430,1780,10.97222222
630,3/30/2016 18:10,3/30/2016 21:00,7,631,3350,1660,9.411111111
631,3/30/2016 21:10,3/30/2016 23:50,8,632,1000,1430,6.979411765
632,3/31/2016 0:00,3/31/2016 3:00,1,633,910,3350,6.236842105
633,3/31/2016 3:10,3/31/2016 6:00,2,634,910,1000,6.013888889
634,3/31/2016 6:10,3/31/2016 9:00,3,635,1080,910,5.986111111
635,3/31/2016 9:10,3/31/2016 12:00,4,636,1540,910,7.15
636,3/31/2016 12:10,3/31/2016 15:00,5,637,1850,1080,7.638888889
637,3/31/2016 15:10,3/31/2016 18:00,6,638,2380,1540,8.244444444
638,3/31/2016 18:10,3/31/2016 21:00,7,639,1860,1850,7.802777778
639,3/31/2016 21:10,3/31/2016 23:50,8,640,870,2380,6.332352941
640,4/1/2016 0:00,4/1/2016 3:00,1,641,930,1860,6.015789474
641,4/1/2016 3:10,4/1/2016 6:00,2,642,870,870,3.738888889
642,4/1/2016 6:10,4/1/2016 9:00,3,643,1350,930,2.463888889
643,4/1/2016 9:10,4/1/2016 12:00,4,644,2060,870,6.011111111
644,4/1/2016 12:10,4/1/2016 15:00,5,645,860,1350,10.11388889
645,4/1/2016 15:10,4/1/2016 18:00,6,646,830,2060,10.68888889
646,4/1/2016 18:10,4/1/2016 21:00,7,647,820,860,9.652777778
647,4/1/2016 21:10,4/1/2016 23:50,8,648,860,830,8.602941176
648,4/2/2016 0:00,4/2/2016 3:00,1,649,910,820,7.95
649,4/2/2016 3:10,4/2/2016 6:00,2,650,840,860,6.977777778
650,4/2/2016 6:10,4/2/2016 9:00,3,651,840,910,6.830555556
651,4/2/2016 9:10,4/2/2016 12:00,4,652,830,840,7.963888889
652,4/2/2016 12:10,4/2/2016 15:00,5,653,950,840,9.633333333
653,4/2/2016 15:10,4/2/2016 18:00,6,654,1060,830,11.275
654,4/2/2016 18:10,4/2/2016 21:00,7,655,970,950,12.00277778
655,4/2/2016 21:10,4/2/2016 23:50,8,656,900,1060,12.27647059
656,4/3/2016 0:00,4/3/2016 3:00,1,657,1040,970,13.39736842
657,4/3/2016 3:10,4/3/2016 6:00,2,658,960,900,11.98888889
658,4/3/2016 6:10,4/3/2016 9:00,3,659,970,1040,11.97777778
659,4/3/2016 9:10,4/3/2016 12:00,4,660,1050,960,14.82777778
660,4/3/2016 12:10,4/3/2016 15:00,5,661,1380,970,18.39444444
661,4/3/2016 15:10,4/3/2016 18:00,6,662,1660,1050,18.9
662,4/3/2016 18:10,4/3/2016 21:00,7,663,1990,1380,17.28611111
663,4/3/2016 21:10,4/3/2016 23:50,8,664,1290,1660,15.86470588
664,4/4/2016 0:00,4/4/2016 3:00,1,665,1030,1990,14.12631579
665,4/4/2016 3:10,4/4/2016 6:00,2,666,1030,1290,12.15277778
666,4/4/2016 6:10,4/4/2016 9:00,3,667,1900,1030,10.98888889
667,4/4/2016 9:10,4/4/2016 12:00,4,668,6070,1030,11.06944444
668,4/4/2016 12:10,4/4/2016 15:00,5,669,6680,1900,14.36388889
669,4/4/2016 15:10,4/4/2016 18:00,6,670,7330,6070,14.41666667
670,4/4/2016 18:10,4/4/2016 21:00,7,671,1990,6680,12.31666667
671,4/4/2016 21:10,4/4/2016 23:50,8,672,1120,7330,9.876470588
672,4/5/2016 0:00,4/5/2016 3:00,1,673,1100,1990,9.502631579
673,4/5/2016 3:10,4/5/2016 6:00,2,674,1060,1120,10.16388889
674,4/5/2016 6:10,4/5/2016 9:00,3,675,3520,1100,9.647222222
675,4/5/2016 9:10,4/5/2016 12:00,4,676,2230,1060,10.71944444
676,4/5/2016 12:10,4/5/2016 15:00,5,677,4370,3520,11.74166667
677,4/5/2016 15:10,4/5/2016 18:00,6,678,5490,2230,13.51111111
678,4/5/2016 18:10,4/5/2016 21:00,7,679,3590,4370,12.03611111
679,4/5/2016 21:10,4/5/2016 23:50,8,680,940,5490,8.520588235
680,4/6/2016 0:00,4/6/2016 3:00,1,681,990,3590,6.931578947
681,4/6/2016 3:10,4/6/2016 6:00,2,682,920,940,6.502777778
682,4/6/2016 6:10,4/6/2016 9:00,3,683,1600,990,7.344444444
683,4/6/2016 9:10,4/6/2016 12:00,4,684,1340,920,9.477777778
684,4/6/2016 12:10,4/6/2016 15:00,5,685,1930,1600,10.56111111
685,4/6/2016 15:10,4/6/2016 18:00,6,686,2290,1340,10.79444444
686,4/6/2016 18:10,4/6/2016 21:00,7,687,2670,1930,9.347222222
687,4/6/2016 21:10,4/6/2016 23:50,8,688,870,2290,7.920588235
688,4/7/2016 0:00,4/7/2016 3:00,1,689,1020,2670,6.168421053
689,4/7/2016 3:10,4/7/2016 6:00,2,690,880,870,4.847222222
690,4/7/2016 6:10,4/7/2016 9:00,3,691,2050,1020,4.286111111
691,4/7/2016 9:10,4/7/2016 12:00,4,692,1440,880,7.472222222
692,4/7/2016 12:10,4/7/2016 15:00,5,693,850,2050,10.01944444
693,4/7/2016 15:10,4/7/2016 18:00,6,694,890,1440,10.28888889
694,4/7/2016 18:10,4/7/2016 21:00,7,695,1810,850,9.161111111
695,4/7/2016 21:10,4/7/2016 23:50,8,696,970,890,7.232352941
696,4/8/2016 0:00,4/8/2016 3:00,1,697,1030,1810,5.963157895
697,4/8/2016 3:10,4/8/2016 6:00,2,698,880,970,5.683333333
698,4/8/2016 6:10,4/8/2016 9:00,3,699,1520,1030,5.169444444
699,4/8/2016 9:10,4/8/2016 12:00,4,700,2810,880,8.308333333
700,4/8/2016 12:10,4/8/2016 15:00,5,701,2480,1520,10.15277778
701,4/8/2016 15:10,4/8/2016 18:00,6,702,7420,2810,10.99722222
702,4/8/2016 18:10,4/8/2016 21:00,7,703,2400,2480,9.480555556
703,4/8/2016 21:10,4/8/2016 23:50,8,704,820,7420,8.023529412
704,4/9/2016 0:00,4/9/2016 3:00,1,705,970,2400,6.615789474
705,4/9/2016 3:10,4/9/2016 6:00,2,706,920,820,4.055555556
706,4/9/2016 6:10,4/9/2016 9:00,3,707,1490,970,4.563888889
707,4/9/2016 9:10,4/9/2016 12:00,4,708,1800,920,9.686111111
708,4/9/2016 12:10,4/9/2016 15:00,5,709,2430,1490,12.58333333
709,4/9/2016 15:10,4/9/2016 18:00,6,710,3650,1800,13.83888889
710,4/9/2016 18:10,4/9/2016 21:00,7,711,2880,2430,12.05833333
711,4/9/2016 21:10,4/9/2016 23:50,8,712,1010,3650,8.364705882
712,4/10/2016 0:00,4/10/2016 3:00,1,713,1000,2880,6.531578947
713,4/10/2016 3:10,4/10/2016 6:00,2,714,880,1010,4.897222222
714,4/10/2016 6:10,4/10/2016 9:00,3,715,1470,1000,3.144444444
715,4/10/2016 9:10,4/10/2016 12:00,4,716,1870,880,8.722222222
716,4/10/2016 12:10,4/10/2016 15:00,5,717,1040,1470,12.34444444
717,4/10/2016 15:10,4/10/2016 18:00,6,718,1220,1870,14.43611111
718,4/10/2016 18:10,4/10/2016 21:00,7,719,2200,1040,13.84722222
719,4/10/2016 21:10,4/10/2016 23:50,8,720,1000,1220,11.09705882
720,4/11/2016 0:00,4/11/2016 3:00,1,721,1000,2200,10.11315789
721,4/11/2016 3:10,4/11/2016 6:00,2,722,1070,1000,8.983333333
722,4/11/2016 6:10,4/11/2016 9:00,3,723,870,1000,10.55
723,4/11/2016 9:10,4/11/2016 12:00,4,724,1450,1070,14.76944444
724,4/11/2016 12:10,4/11/2016 15:00,5,725,1410,870,16.96388889
725,4/11/2016 15:10,4/11/2016 18:00,6,726,2390,1450,15.24444444
726,4/11/2016 18:10,4/11/2016 21:00,7,727,1980,1410,14.31388889
727,4/11/2016 21:10,4/11/2016 23:50,8,728,1040,2390,12.29117647
728,4/12/2016 0:00,4/12/2016 3:00,1,729,1000,1980,8.8
729,4/12/2016 3:10,4/12/2016 6:00,2,730,960,1040,6.780555556
730,4/12/2016 6:10,4/12/2016 9:00,3,731,1180,1000,8.236111111
731,4/12/2016 9:10,4/12/2016 12:00,4,732,980,960,12.71111111
732,4/12/2016 12:10,4/12/2016 15:00,5,733,1090,1180,14.61111111
733,4/12/2016 15:10,4/12/2016 18:00,6,734,3510,980,13.14722222
734,4/12/2016 18:10,4/12/2016 21:00,7,735,5990,1090,12.00555556
735,4/12/2016 21:10,4/12/2016 23:50,8,736,1190,3510,8.9
736,4/13/2016 0:00,4/13/2016 3:00,1,737,1010,5990,7.610526316
737,4/13/2016 3:10,4/13/2016 6:00,2,738,1670,1190,6.155555556
738,4/13/2016 6:10,4/13/2016 9:00,3,739,1580,1010,5.683333333
739,4/13/2016 9:10,4/13/2016 12:00,4,740,1120,1670,9.252777778
740,4/13/2016 12:10,4/13/2016 15:00,5,741,1370,1580,10.29166667
741,4/13/2016 15:10,4/13/2016 18:00,6,742,2600,1120,10.1
742,4/13/2016 18:10,4/13/2016 21:00,7,743,3390,1370,10.34166667
743,4/13/2016 21:10,4/13/2016 23:50,8,744,830,2600,6.161764706
744,4/14/2016 0:00,4/14/2016 3:00,1,745,1020,3390,3.257894737
745,4/14/2016 3:10,4/14/2016 6:00,2,746,940,830,1.591666667
746,4/14/2016 6:10,4/14/2016 9:00,3,747,1360,1020,2.319444444
747,4/14/2016 9:10,4/14/2016 12:00,4,748,1340,940,9.775
748,4/14/2016 12:10,4/14/2016 15:00,5,749,1140,1360,14.97777778
749,4/14/2016 15:10,4/14/2016 18:00,6,750,2820,1340,16.11388889
750,4/14/2016 18:10,4/14/2016 21:00,7,751,2820,1140,14.38333333
751,4/14/2016 21:10,4/14/2016 23:50,8,752,910,2820,12.68529412
752,4/15/2016 0:00,4/15/2016 3:00,1,753,1000,2820,9.602631579
753,4/15/2016 3:10,4/15/2016 6:00,2,754,990,910,9.558333333
754,4/15/2016 6:10,4/15/2016 9:00,3,755,6110,1000,9.666666667
755,4/15/2016 9:10,4/15/2016 12:00,4,756,4140,990,10.90555556
756,4/15/2016 12:10,4/15/2016 15:00,5,757,1250,6110,13.575
757,4/15/2016 15:10,4/15/2016 18:00,6,758,1480,4140,15.19259259
758,4/15/2016 18:10,4/15/2016 21:00,7,759,2600,1250,13.61851852
759,4/15/2016 21:10,4/15/2016 23:50,8,760,1350,1480,11.35294118
760,4/16/2016 0:00,4/16/2016 3:00,1,761,1010,2600,10.40526316
761,4/16/2016 3:10,4/16/2016 6:00,2,762,950,1350,9.444444444
762,4/16/2016 6:10,4/16/2016 9:00,3,763,1510,1010,9.063888889
763,4/16/2016 9:10,4/16/2016 12:00,4,764,4210,950,10.16944444
764,4/16/2016 12:10,4/16/2016 15:00,5,765,3510,1510,10.42777778
765,4/16/2016 15:10,4/16/2016 18:00,6,766,5020,4210,9.336111111
766,4/16/2016 18:10,4/16/2016 21:00,7,767,1930,3510,8.252777778
767,4/16/2016 21:10,4/16/2016 23:50,8,768,1180,5020,5.305882353
768,4/17/2016 0:00,4/17/2016 3:00,1,769,990,1930,3.392105263
769,4/17/2016 3:10,4/17/2016 6:00,2,770,930,1180,1.280555556
770,4/17/2016 6:10,4/17/2016 9:00,3,771,1570,990,2.777777778
771,4/17/2016 9:10,4/17/2016 12:00,4,772,4190,930,6.922222222
772,4/17/2016 12:10,4/17/2016 15:00,5,773,1510,1570,7.705555556
773,4/17/2016 15:10,4/17/2016 18:00,6,774,3050,4190,9.305555556
774,4/17/2016 18:10,4/17/2016 21:00,7,775,1980,1510,7.825
775,4/17/2016 21:10,4/17/2016 23:50,8,776,1030,3050,4.952941176
776,4/18/2016 0:00,4/18/2016 3:00,1,777,1120,1980,2.805263158
777,4/18/2016 3:10,4/18/2016 6:00,2,778,880,1030,0.738888889
778,4/18/2016 6:10,4/18/2016 9:00,3,779,950,1120,2.102777778
779,4/18/2016 9:10,4/18/2016 12:00,4,780,1080,880,8.580555556
780,4/18/2016 12:10,4/18/2016 15:00,5,781,860,950,11.09722222
781,4/18/2016 15:10,4/18/2016 18:00,6,782,2540,1080,10.91111111
782,4/18/2016 18:10,4/18/2016 21:00,7,783,2090,860,10.51111111
783,4/18/2016 21:10,4/18/2016 23:50,8,784,820,2540,6.75
784,4/19/2016 0:00,4/19/2016 3:00,1,785,910,2090,6.684210526
785,4/19/2016 3:10,4/19/2016 6:00,2,786,1310,820,5.019444444
786,4/19/2016 6:10,4/19/2016 9:00,3,787,1550,910,6.055555556
787,4/19/2016 9:10,4/19/2016 12:00,4,788,850,1310,9.780555556
788,4/19/2016 12:10,4/19/2016 15:00,5,789,880,1550,12.41388889
789,4/19/2016 15:10,4/19/2016 18:00,6,790,2230,850,12.90833333
790,4/19/2016 18:10,4/19/2016 21:00,7,791,1880,880,11.17777778
791,4/19/2016 21:10,4/19/2016 23:50,8,792,820,2230,7.129411765
792,4/20/2016 0:00,4/20/2016 3:00,1,793,930,1880,5.018421053
793,4/20/2016 3:10,4/20/2016 6:00,2,794,910,820,3.486111111
794,4/20/2016 6:10,4/20/2016 9:00,3,795,1100,930,3.441666667
795,4/20/2016 9:10,4/20/2016 12:00,4,796,990,910,9.094444444
796,4/20/2016 12:10,4/20/2016 15:00,5,797,1710,1100,12.79444444
797,4/20/2016 15:10,4/20/2016 18:00,6,798,2260,990,15.13333333
798,4/20/2016 18:10,4/20/2016 21:00,7,799,2780,1710,13.23888889
799,4/20/2016 21:10,4/20/2016 23:50,8,800,930,2260,9.076470588
800,4/21/2016 0:00,4/21/2016 3:00,1,801,980,2780,7.323684211
801,4/21/2016 3:10,4/21/2016 6:00,2,802,980,930,5.855555556
802,4/21/2016 6:10,4/21/2016 9:00,3,803,930,980,5.602777778
803,4/21/2016 9:10,4/21/2016 12:00,4,804,940,980,11.55277778
804,4/21/2016 12:10,4/21/2016 15:00,5,805,1050,930,16.69722222
805,4/21/2016 15:10,4/21/2016 18:00,6,806,2170,940,18.54166667
806,4/21/2016 18:10,4/21/2016 21:00,7,807,2850,1050,16.16944444
807,4/21/2016 21:10,4/21/2016 23:50,8,808,1170,2170,13.92352941
808,4/22/2016 0:00,4/22/2016 3:00,1,809,1220,2850,11.71578947
809,4/22/2016 3:10,4/22/2016 6:00,2,810,1270,1170,10.025
810,4/22/2016 6:10,4/22/2016 9:00,3,811,3040,1220,8.419444444
811,4/22/2016 9:10,4/22/2016 12:00,4,812,5770,1270,10.49722222
812,4/22/2016 12:10,4/22/2016 15:00,5,813,4140,3040,12.33888889
813,4/22/2016 15:10,4/22/2016 18:00,6,814,6040,5770,13.28888889
814,4/22/2016 18:10,4/22/2016 21:00,7,815,2100,4140,12.40833333
815,4/22/2016 21:10,4/22/2016 23:50,8,816,990,6040,10.36470588
816,4/23/2016 0:00,4/23/2016 3:00,1,817,1030,2100,7.789473684
817,4/23/2016 3:10,4/23/2016 6:00,2,818,950,990,6.552777778
818,4/23/2016 6:10,4/23/2016 9:00,3,819,1060,1030,5.958333333
819,4/23/2016 9:10,4/23/2016 12:00,4,820,4120,950,7.594444444
820,4/23/2016 12:10,4/23/2016 15:00,5,821,2400,1060,9.208333333
821,4/23/2016 15:10,4/23/2016 18:00,6,822,1390,4120,8.961111111
822,4/23/2016 18:10,4/23/2016 21:00,7,823,3060,2400,7.016666667
823,4/23/2016 21:10,4/23/2016 23:50,8,824,1110,1390,3.535294118
824,4/24/2016 0:00,4/24/2016 3:00,1,825,1010,3060,2.031578947
825,4/24/2016 3:10,4/24/2016 6:00,2,826,1020,1110,2.261111111
826,4/24/2016 6:10,4/24/2016 9:00,3,827,1320,1010,3.227777778
827,4/24/2016 9:10,4/24/2016 12:00,4,828,2550,1020,4.769444444
828,4/24/2016 12:10,4/24/2016 15:00,5,829,1130,1320,5.133333333
829,4/24/2016 15:10,4/24/2016 18:00,6,830,1570,2550,6.472222222
830,4/24/2016 18:10,4/24/2016 21:00,7,831,1860,1130,6.077777778
831,4/24/2016 21:10,4/24/2016 23:50,8,832,1320,1570,2.802941176
832,4/25/2016 0:00,4/25/2016 3:00,1,833,1250,1860,1.505263158
833,4/25/2016 3:10,4/25/2016 6:00,2,834,1290,1320,1.672222222
834,4/25/2016 6:10,4/25/2016 9:00,3,835,1030,1250,3.302777778
835,4/25/2016 9:10,4/25/2016 12:00,4,836,1090,1290,5.613888889
836,4/25/2016 12:10,4/25/2016 15:00,5,837,1100,1030,8.202777778
837,4/25/2016 15:10,4/25/2016 18:00,6,838,2010,1090,7.563888889
838,4/25/2016 18:10,4/25/2016 21:00,7,839,1950,1100,6.133333333
839,4/25/2016 21:10,4/25/2016 23:50,8,840,1100,2010,5.029411765
840,4/26/2016 0:00,4/26/2016 3:00,1,841,990,1950,2.805263158
841,4/26/2016 3:10,4/26/2016 6:00,2,842,1260,1100,1.511111111
842,4/26/2016 6:10,4/26/2016 9:00,3,843,1480,990,2.4
843,4/26/2016 9:10,4/26/2016 12:00,4,844,880,1260,5.580555556
844,4/26/2016 12:10,4/26/2016 15:00,5,845,870,1480,5.038888889
845,4/26/2016 15:10,4/26/2016 18:00,6,846,2400,880,5.422222222
846,4/26/2016 18:10,4/26/2016 21:00,7,847,1850,870,5.372222222
847,4/26/2016 21:10,4/26/2016 23:50,8,848,930,2400,2.179411765
848,4/27/2016 0:00,4/27/2016 3:00,1,849,920,1850,2.692105263
849,4/27/2016 3:10,4/27/2016 6:00,2,850,920,930,2.647222222
850,4/27/2016 6:10,4/27/2016 9:00,3,851,1180,920,2.683333333
851,4/27/2016 9:10,4/27/2016 12:00,4,852,1230,920,5.622222222
852,4/27/2016 12:10,4/27/2016 15:00,5,853,1420,1180,7.505555556
853,4/27/2016 15:10,4/27/2016 18:00,6,854,2030,1230,8.111111111
854,4/27/2016 18:10,4/27/2016 21:00,7,855,1970,1420,6.158333333
855,4/27/2016 21:10,4/27/2016 23:50,8,856,1140,2030,2.767647059
856,4/28/2016 0:00,4/28/2016 3:00,1,857,960,1970,0.460526316
857,4/28/2016 3:10,4/28/2016 6:00,2,858,1260,1140,-0.15
858,4/28/2016 6:10,4/28/2016 9:00,3,859,1830,960,1.416666667
859,4/28/2016 9:10,4/28/2016 12:00,4,860,1190,1260,6.461111111
860,4/28/2016 12:10,4/28/2016 15:00,5,861,890,1830,6.625
861,4/28/2016 15:10,4/28/2016 18:00,6,862,3380,1190,8.891666667
862,4/28/2016 18:10,4/28/2016 21:00,7,863,3430,890,8.830555556
863,4/28/2016 21:10,4/28/2016 23:50,8,864,870,3380,3.904901961
864,4/29/2016 0:00,4/29/2016 3:00,1,865,940,3430,3.687719298
865,4/29/2016 3:10,4/29/2016 6:00,2,866,870,870,4.794444444
866,4/29/2016 6:10,4/29/2016 9:00,3,867,3320,940,6.333333333
867,4/29/2016 9:10,4/29/2016 12:00,4,868,2480,870,7.261111111
868,4/29/2016 12:10,4/29/2016 15:00,5,869,3270,3320,7.908333333
869,4/29/2016 15:10,4/29/2016 18:00,6,870,2210,2480,8.252777778
870,4/29/2016 18:10,4/29/2016 21:00,7,871,2020,3270,8.438888889
871,4/29/2016 21:10,4/29/2016 23:50,8,872,950,2210,6.908823529
872,4/30/2016 0:00,4/30/2016 3:00,1,873,880,2020,6.444736842
873,4/30/2016 3:10,4/30/2016 6:00,2,874,960,950,5.091666667
874,4/30/2016 6:10,4/30/2016 9:00,3,875,2780,880,5.272222222
875,4/30/2016 9:10,4/30/2016 12:00,4,876,5140,960,7.586111111
876,4/30/2016 12:10,4/30/2016 15:00,5,877,3620,2780,9.916666667
877,4/30/2016 15:10,4/30/2016 18:00,6,878,4590,5140,10.41111111
878,4/30/2016 18:10,4/30/2016 21:00,7,879,1210,3620,9.163888889
879,4/30/2016 21:10,4/30/2016 23:50,8,880,1040,4590,6.014705882
880,5/1/2016 0:00,5/1/2016 3:00,1,881,980,1210,3.931578947
881,5/1/2016 3:10,5/1/2016 6:00,2,882,890,1040,2.608333333
882,5/1/2016 6:10,5/1/2016 9:00,3,883,1280,980,3.747222222
883,5/1/2016 9:10,5/1/2016 12:00,4,884,1400,890,8.527777778
884,5/1/2016 12:10,5/1/2016 15:00,5,885,1720,1280,11.41388889
885,5/1/2016 15:10,5/1/2016 18:00,6,886,4080,1400,13.35277778
886,5/1/2016 18:10,5/1/2016 21:00,7,887,2620,1720,12.46666667
887,5/1/2016 21:10,5/1/2016 23:50,8,888,1120,4080,7.882352941
888,5/2/2016 0:00,5/2/2016 3:00,1,889,930,2620,4.692105263
889,5/2/2016 3:10,5/2/2016 6:00,2,890,1260,1120,2.222222222
890,5/2/2016 6:10,5/2/2016 9:00,3,891,1790,930,4.169444444
891,5/2/2016 9:10,5/2/2016 12:00,4,892,970,1260,12.075
892,5/2/2016 12:10,5/2/2016 15:00,5,893,1490,1790,15.8
893,5/2/2016 15:10,5/2/2016 18:00,6,894,2790,970,16.48333333
894,5/2/2016 18:10,5/2/2016 21:00,7,895,2090,1490,14.44166667
895,5/2/2016 21:10,5/2/2016 23:50,8,896,1010,2790,12.12058824
896,5/3/2016 0:00,5/3/2016 3:00,1,897,930,2090,11.01842105
897,5/3/2016 3:10,5/3/2016 6:00,2,898,940,1010,8.35
898,5/3/2016 6:10,5/3/2016 9:00,3,899,1010,930,7.761111111
899,5/3/2016 9:10,5/3/2016 12:00,4,900,890,940,10.48888889
900,5/3/2016 12:10,5/3/2016 15:00,5,901,890,1010,12.59444444
901,5/3/2016 15:10,5/3/2016 18:00,6,902,2260,890,14.05555556
902,5/3/2016 18:10,5/3/2016 21:00,7,903,2260,890,12.56388889
903,5/3/2016 21:10,5/3/2016 23:50,8,904,860,2260,7.620588235
904,5/4/2016 0:00,5/4/2016 3:00,1,905,1010,2260,4.426315789
905,5/4/2016 3:10,5/4/2016 6:00,2,906,950,860,2.383333333
906,5/4/2016 6:10,5/4/2016 9:00,3,907,2120,1010,4.772222222
907,5/4/2016 9:10,5/4/2016 12:00,4,908,1360,950,12.13055556
908,5/4/2016 12:10,5/4/2016 15:00,5,909,1250,2120,14.95555556
909,5/4/2016 15:10,5/4/2016 18:00,6,910,1630,1360,15.84166667
910,5/4/2016 18:10,5/4/2016 21:00,7,911,2020,1250,14.69444444
911,5/4/2016 21:10,5/4/2016 23:50,8,912,1030,1630,10.28823529
912,5/5/2016 0:00,5/5/2016 3:00,1,913,950,2020,7.602631579
913,5/5/2016 3:10,5/5/2016 6:00,2,914,870,1030,5.616666667
914,5/5/2016 6:10,5/5/2016 9:00,3,915,2450,950,7.213888889
915,5/5/2016 9:10,5/5/2016 12:00,4,916,1590,870,14.17222222
916,5/5/2016 12:10,5/5/2016 15:00,5,917,1160,2450,17.63611111
917,5/5/2016 15:10,5/5/2016 18:00,6,918,2320,1590,19.24166667
918,5/5/2016 18:10,5/5/2016 21:00,7,919,1750,1160,18.01111111
919,5/5/2016 21:10,5/5/2016 23:50,8,920,1010,2320,13.21764706
920,5/6/2016 0:00,5/6/2016 3:00,1,921,960,1750,9.968421053
921,5/6/2016 3:10,5/6/2016 6:00,2,922,950,1010,9.141666667
922,5/6/2016 6:10,5/6/2016 9:00,3,923,2530,960,10.72222222
923,5/6/2016 9:10,5/6/2016 12:00,4,924,3090,950,17.23055556
924,5/6/2016 12:10,5/6/2016 15:00,5,925,2010,2530,21.11111111
925,5/6/2016 15:10,5/6/2016 18:00,6,926,1580,3090,22.51944444
926,5/6/2016 18:10,5/6/2016 21:00,7,927,2380,2010,21.26111111
927,5/6/2016 21:10,5/6/2016 23:50,8,928,1010,1580,15.37352941
928,5/7/2016 0:00,5/7/2016 3:00,1,929,1020,2380,13.39210526
929,5/7/2016 3:10,5/7/2016 6:00,2,930,960,1010,12.225
930,5/7/2016 6:10,5/7/2016 9:00,3,931,1980,1020,14.16111111
931,5/7/2016 9:10,5/7/2016 12:00,4,932,2970,960,20.45555556
932,5/7/2016 12:10,5/7/2016 15:00,5,933,1520,1980,23.76944444
933,5/7/2016 15:10,5/7/2016 18:00,6,934,1640,2970,24.64444444
934,5/7/2016 18:10,5/7/2016 21:00,7,935,2920,1520,22.78055556
935,5/7/2016 21:10,5/7/2016 23:50,8,936,980,1640,16.92058824
936,5/8/2016 0:00,5/8/2016 3:00,1,937,1050,2920,12.70526316
937,5/8/2016 3:10,5/8/2016 6:00,2,938,970,980,13.08333333
938,5/8/2016 6:10,5/8/2016 9:00,3,939,2040,1050,15.25277778
939,5/8/2016 9:10,5/8/2016 12:00,4,940,1700,970,21.71388889
940,5/8/2016 12:10,5/8/2016 15:00,5,941,1000,2040,24.68611111
941,5/8/2016 15:10,5/8/2016 18:00,6,942,990,1700,25.26111111
942,5/8/2016 18:10,5/8/2016 21:00,7,943,1140,1000,23.99166667
943,5/8/2016 21:10,5/8/2016 23:50,8,944,980,990,18.61470588
944,5/9/2016 0:00,5/9/2016 3:00,1,945,1060,1140,16.04736842
945,5/9/2016 3:10,5/9/2016 6:00,2,946,1060,980,13.24166667
946,5/9/2016 6:10,5/9/2016 9:00,3,947,1050,1060,13.775
947,5/9/2016 9:10,5/9/2016 12:00,4,948,1100,1060,19.93888889
948,5/9/2016 12:10,5/9/2016 15:00,5,949,2370,1050,22.41111111
949,5/9/2016 15:10,5/9/2016 18:00,6,950,2550,1100,22.89722222
950,5/9/2016 18:10,5/9/2016 21:00,7,951,1910,2370,21.21388889
951,5/9/2016 21:10,5/9/2016 23:50,8,952,1150,2550,18.78529412
952,5/10/2016 0:00,5/10/2016 3:00,1,953,1050,1910,16.05
953,5/10/2016 3:10,5/10/2016 6:00,2,954,1070,1150,14.775
954,5/10/2016 6:10,5/10/2016 9:00,3,955,1070,1050,15.36111111
955,5/10/2016 9:10,5/10/2016 12:00,4,956,990,1070,16.53888889
956,5/10/2016 12:10,5/10/2016 15:00,5,957,980,1070,17.73611111
957,5/10/2016 15:10,5/10/2016 18:00,6,958,1570,990,19.51388889
958,5/10/2016 18:10,5/10/2016 21:00,7,959,1780,980,18.41111111
959,5/10/2016 21:10,5/10/2016 23:50,8,960,990,1570,15.31176471
960,5/11/2016 0:00,5/11/2016 3:00,1,961,1050,1780,14.94210526
961,5/11/2016 3:10,5/11/2016 6:00,2,962,1300,990,14.63333333
962,5/11/2016 6:10,5/11/2016 9:00,3,963,1810,1050,14.62777778
963,5/11/2016 9:10,5/11/2016 12:00,4,964,1130,1300,17.91388889
964,5/11/2016 12:10,5/11/2016 15:00,5,965,1270,1810,21.29722222
965,5/11/2016 15:10,5/11/2016 18:00,6,966,1490,1130,22.8
966,5/11/2016 18:10,5/11/2016 21:00,7,967,1650,1270,18.51388889
967,5/11/2016 21:10,5/11/2016 23:50,8,968,970,1490,15.91176471
968,5/12/2016 0:00,5/12/2016 3:00,1,969,1070,1650,13.80263158
969,5/12/2016 3:10,5/12/2016 6:00,2,970,1010,970,12.41111111
970,5/12/2016 6:10,5/12/2016 9:00,3,971,940,1070,12.78611111
971,5/12/2016 9:10,5/12/2016 12:00,4,972,950,1010,16.77222222
972,5/12/2016 12:10,5/12/2016 15:00,5,973,1010,940,20.26388889
973,5/12/2016 15:10,5/12/2016 18:00,6,974,2420,950,21.2
974,5/12/2016 18:10,5/12/2016 21:00,7,975,1950,1010,19.14444444
975,5/12/2016 21:10,5/12/2016 23:50,8,976,1050,2420,15.94411765
976,5/13/2016 0:00,5/13/2016 3:00,1,977,1060,1950,14.80263158
977,5/13/2016 3:10,5/13/2016 6:00,2,978,1000,1050,12.62222222
978,5/13/2016 6:10,5/13/2016 9:00,3,979,4100,1060,13.51944444
979,5/13/2016 9:10,5/13/2016 12:00,4,980,3200,1000,18.06944444
980,5/13/2016 12:10,5/13/2016 15:00,5,981,5340,4100,21.46388889
981,5/13/2016 15:10,5/13/2016 18:00,6,982,4890,3200,22.82777778
982,5/13/2016 18:10,5/13/2016 21:00,7,983,3690,5340,18.76944444
983,5/13/2016 21:10,5/13/2016 23:50,8,984,1000,4890,11.96470588
984,5/14/2016 0:00,5/14/2016 3:00,1,985,1150,3690,9.3
985,5/14/2016 3:10,5/14/2016 6:00,2,986,1060,1000,8.738888889
986,5/14/2016 6:10,5/14/2016 9:00,3,987,1870,1150,8.705555556
987,5/14/2016 9:10,5/14/2016 12:00,4,988,2280,1060,9.75
988,5/14/2016 12:10,5/14/2016 15:00,5,989,2030,1870,11.28611111
989,5/14/2016 15:10,5/14/2016 18:00,6,990,3240,2280,11.93611111
990,5/14/2016 18:10,5/14/2016 21:00,7,991,1680,2030,9.916666667
991,5/14/2016 21:10,5/14/2016 23:50,8,992,1030,3240,7.188235294
992,5/15/2016 0:00,5/15/2016 3:00,1,993,1020,1680,4.921052632
993,5/15/2016 3:10,5/15/2016 6:00,2,994,880,1030,4.013888889
994,5/15/2016 6:10,5/15/2016 9:00,3,995,1650,1020,5.725
995,5/15/2016 9:10,5/15/2016 12:00,4,996,1860,880,9.566666667
996,5/15/2016 12:10,5/15/2016 15:00,5,997,1940,1650,11.92777778
997,5/15/2016 15:10,5/15/2016 18:00,6,998,2860,1860,13.23611111
998,5/15/2016 18:10,5/15/2016 21:00,7,999,2790,1940,10.54444444
999,5/15/2016 21:10,5/15/2016 23:50,8,1000,1980,2860,8.729411765
1000,5/16/2016 0:00,5/16/2016 3:00,1,1001,1100,2790,8.15
1001,5/16/2016 3:10,5/16/2016 6:00,2,1002,940,1980,7.341666667
1002,5/16/2016 6:10,5/16/2016 9:00,3,1003,1250,1100,7.827777778
1003,5/16/2016 9:10,5/16/2016 12:00,4,1004,2140,940,8.622222222
1004,5/16/2016 12:10,5/16/2016 15:00,5,1005,3180,1250,11.64722222
1005,5/16/2016 15:10,5/16/2016 18:00,6,1006,2910,2140,13.95
1006,5/16/2016 18:10,5/16/2016 21:00,7,1007,1930,3180,13.81111111
1007,5/16/2016 21:10,5/16/2016 23:50,8,1008,970,2910,11.10882353
1008,5/17/2016 0:00,5/17/2016 3:00,1,1009,1000,1930,9.292105263
1009,5/17/2016 3:10,5/17/2016 6:00,2,1010,990,970,8.813888889
1010,5/17/2016 6:10,5/17/2016 9:00,3,1011,1060,1000,9.130555556
1011,5/17/2016 9:10,5/17/2016 12:00,4,1012,950,990,13.11111111
1012,5/17/2016 12:10,5/17/2016 15:00,5,1013,880,1060,16.45
1013,5/17/2016 15:10,5/17/2016 18:00,6,1014,1680,950,15.925
1014,5/17/2016 18:10,5/17/2016 21:00,7,1015,2040,880,15.025
1015,5/17/2016 21:10,5/17/2016 23:50,8,1016,910,1680,12.38235294
1016,5/18/2016 0:00,5/18/2016 3:00,1,1017,1000,2040,10.7
1017,5/18/2016 3:10,5/18/2016 6:00,2,1018,1030,910,9.522222222
1018,5/18/2016 6:10,5/18/2016 9:00,3,1019,1100,1000,11.49722222
1019,5/18/2016 9:10,5/18/2016 12:00,4,1020,1160,1030,15.26944444
1020,5/18/2016 12:10,5/18/2016 15:00,5,1021,1390,1100,16.78611111
1021,5/18/2016 15:10,5/18/2016 18:00,6,1022,1880,1160,16.81944444
1022,5/18/2016 18:10,5/18/2016 21:00,7,1023,3240,1390,12.70555556
1023,5/18/2016 21:10,5/18/2016 23:50,8,1024,1040,1880,10.05294118
1024,5/19/2016 0:00,5/19/2016 3:00,1,1025,970,3240,8.134210526
1025,5/19/2016 3:10,5/19/2016 6:00,2,1026,990,1040,7.916666667
1026,5/19/2016 6:10,5/19/2016 9:00,3,1027,960,970,8.408333333
1027,5/19/2016 9:10,5/19/2016 12:00,4,1028,870,990,11.28888889
1028,5/19/2016 12:10,5/19/2016 15:00,5,1029,1030,960,15.66111111
1029,5/19/2016 15:10,5/19/2016 18:00,6,1030,2360,870,17.25
1030,5/19/2016 18:10,5/19/2016 21:00,7,1031,1930,1030,16.81388889
1031,5/19/2016 21:10,5/19/2016 23:50,8,1032,970,2360,12.90882353
1032,5/20/2016 0:00,5/20/2016 3:00,1,1033,910,1930,9.884210526
1033,5/20/2016 3:10,5/20/2016 6:00,2,1034,1020,970,10.425
1034,5/20/2016 6:10,5/20/2016 9:00,3,1035,1650,910,12.24722222
1035,5/20/2016 9:10,5/20/2016 12:00,4,1036,1370,1020,13.91111111
1036,5/20/2016 12:10,5/20/2016 15:00,5,1037,1140,1650,15.28333333
1037,5/20/2016 15:10,5/20/2016 18:00,6,1038,1060,1370,17.35277778
1038,5/20/2016 18:10,5/20/2016 21:00,7,1039,1260,1140,17.51388889
1039,5/20/2016 21:10,5/20/2016 23:50,8,1040,910,1060,13.82058824
1040,5/21/2016 0:00,5/21/2016 3:00,1,1041,980,1260,14.16315789
1041,5/21/2016 3:10,5/21/2016 6:00,2,1042,950,910,13.28611111
1042,5/21/2016 6:10,5/21/2016 9:00,3,1043,2000,980,14.23055556
1043,5/21/2016 9:10,5/21/2016 12:00,4,1044,6920,950,17.92777778
1044,5/21/2016 12:10,5/21/2016 15:00,5,1045,5360,2000,20.84444444
1045,5/21/2016 15:10,5/21/2016 18:00,6,1046,3110,6920,22.76944444
1046,5/21/2016 18:10,5/21/2016 21:00,7,1047,1920,5360,21.08888889
1047,5/21/2016 21:10,5/21/2016 23:50,8,1048,2040,3110,18.75294118
1048,5/22/2016 0:00,5/22/2016 3:00,1,1049,1060,1920,17.61052632
1049,5/22/2016 3:10,5/22/2016 6:00,2,1050,950,2040,15.68611111
1050,5/22/2016 6:10,5/22/2016 9:00,3,1051,1940,1060,14.83333333
1051,5/22/2016 9:10,5/22/2016 12:00,4,1052,4020,950,15.83611111
1052,5/22/2016 12:10,5/22/2016 15:00,5,1053,1920,1940,16.20833333
1053,5/22/2016 15:10,5/22/2016 18:00,6,1054,2740,4020,16.31944444
1054,5/22/2016 18:10,5/22/2016 21:00,7,1055,1960,1920,15.18888889
1055,5/22/2016 21:10,5/22/2016 23:50,8,1056,1270,2740,12.12352941
1056,5/23/2016 0:00,5/23/2016 3:00,1,1057,1060,1960,11.25526316
1057,5/23/2016 3:10,5/23/2016 6:00,2,1058,1020,1270,10.92777778
1058,5/23/2016 6:10,5/23/2016 9:00,3,1059,1010,1060,11.36111111
1059,5/23/2016 9:10,5/23/2016 12:00,4,1060,960,1020,12.66111111
1060,5/23/2016 12:10,5/23/2016 15:00,5,1061,1090,1010,14.61388889
1061,5/23/2016 15:10,5/23/2016 18:00,6,1062,3750,960,14.86944444
1062,5/23/2016 18:10,5/23/2016 21:00,7,1063,2010,1090,13.53333333
1063,5/23/2016 21:10,5/23/2016 23:50,8,1064,1060,3750,11.34705882
1064,5/24/2016 0:00,5/24/2016 3:00,1,1065,1020,2010,10.91315789
1065,5/24/2016 3:10,5/24/2016 6:00,2,1066,1300,1060,10.30277778
1066,5/24/2016 6:10,5/24/2016 9:00,3,1067,1700,1020,10.24444444
1067,5/24/2016 9:10,5/24/2016 12:00,4,1068,1380,1300,10.83333333
1068,5/24/2016 12:10,5/24/2016 15:00,5,1069,2370,1700,13.24444444
1069,5/24/2016 15:10,5/24/2016 18:00,6,1070,3020,1380,14.14166667
1070,5/24/2016 18:10,5/24/2016 21:00,7,1071,1960,2370,12.73611111
1071,5/24/2016 21:10,5/24/2016 23:50,8,1072,1100,3020,10.08823529
1072,5/25/2016 0:00,5/25/2016 3:00,1,1073,1020,1960,8.368421053
1073,5/25/2016 3:10,5/25/2016 6:00,2,1074,940,1100,6.427777778
1074,5/25/2016 6:10,5/25/2016 9:00,3,1075,1290,1020,7.688888889
1075,5/25/2016 9:10,5/25/2016 12:00,4,1076,1270,940,11.51111111
1076,5/25/2016 12:10,5/25/2016 15:00,5,1077,1290,1290,14.23888889
1077,5/25/2016 15:10,5/25/2016 18:00,6,1078,2600,1270,15.88333333
1078,5/25/2016 18:10,5/25/2016 21:00,7,1079,2760,1290,16.09444444
1079,5/25/2016 21:10,5/25/2016 23:50,8,1080,910,2600,12.52647059
1080,5/26/2016 0:00,5/26/2016 3:00,1,1081,1010,2760,10.08947368
1081,5/26/2016 3:10,5/26/2016 6:00,2,1082,980,910,8.475
1082,5/26/2016 6:10,5/26/2016 9:00,3,1083,1950,1010,9.25
1083,5/26/2016 9:10,5/26/2016 12:00,4,1084,4890,980,15.10833333
1084,5/26/2016 12:10,5/26/2016 15:00,5,1085,1970,1950,19.37777778
1085,5/26/2016 15:10,5/26/2016 18:00,6,1086,6110,4890,20.875
1086,5/26/2016 18:10,5/26/2016 21:00,7,1087,3090,1970,20.13333333
1087,5/26/2016 21:10,5/26/2016 23:50,8,1088,1170,6110,16.43235294
1088,5/27/2016 0:00,5/27/2016 3:00,1,1089,1070,3090,14.33684211
1089,5/27/2016 3:10,5/27/2016 6:00,2,1090,1040,1170,13.53055556
1090,5/27/2016 6:10,5/27/2016 9:00,3,1091,1870,1070,13.98333333
1091,5/27/2016 9:10,5/27/2016 12:00,4,1092,5050,1040,17.48611111
1092,5/27/2016 12:10,5/27/2016 15:00,5,1093,3110,1870,21.38333333
1093,5/27/2016 15:10,5/27/2016 18:00,6,1094,2720,5050,22.61111111
