Start Date,D,T,Energy,Energy_lag1,T_Out
1/12/2016 3:10,2,2,760,2160,4.919444444
1/12/2016 6:10,3,3,1100,760,5.013888889
1/12/2016 9:10,4,4,1980,1100,5.927777778
1/12/2016 12:10,5,5,2840,1980,7.147222222
1/12/2016 15:10,6,6,1800,2840,6.275
1/12/2016 18:10,7,7,970,1800,4.763888889
1/12/2016 21:10,8,8,730,970,5.385294118
1/13/2016 0:00,1,9,780,730,5.465789474
1/13/2016 3:10,2,10,700,780,5.269444444
1/13/2016 6:10,3,11,2410,700,5.033333333
1/13/2016 9:10,4,12,1720,2410,5.361111111
1/13/2016 12:10,5,13,730,1720,6.191666667
1/13/2016 15:10,6,14,1370,730,5.394444444
1/13/2016 18:10,7,15,3450,1370,3.063888889
1/13/2016 21:10,8,16,2810,3450,2.935294118
1/14/2016 0:00,1,17,810,2810,2.905263158
1/14/2016 3:10,2,18,750,810,3.338888889
1/14/2016 6:10,3,19,2640,750,3.291666667
1/14/2016 9:10,4,20,5830,2640,2.144444444
1/14/2016 12:10,5,21,2690,5830,4.472222222
1/14/2016 15:10,6,22,4600,2690,4.972222222
1/14/2016 18:10,7,23,3390,4600,3.869444444
1/14/2016 21:10,8,24,1090,3390,2.435294118
1/15/2016 0:00,1,25,940,1090,0.513157895
1/15/2016 3:10,2,26,880,940,2.702777778
1/15/2016 6:10,3,27,2340,880,3.2
1/15/2016 9:10,4,28,2400,2340,3.530555556
1/15/2016 12:10,5,29,2820,2400,4.088888889
1/15/2016 15:10,6,30,1290,2820,2.488888889
1/15/2016 18:10,7,31,4460,1290,2.497222222
1/15/2016 21:10,8,32,2920,4460,2.405882353
1/16/2016 0:00,1,33,870,2920,2.092105263
1/16/2016 3:10,2,34,810,870,0.705555556
1/16/2016 6:10,3,35,2650,810,1.055555556
1/16/2016 9:10,4,36,1110,2650,2.927777778
1/16/2016 12:10,5,37,1410,1110,5.563888889
1/16/2016 15:10,6,38,3500,1410,3.108333333
1/16/2016 18:10,7,39,5730,3500,1.358333333
1/16/2016 21:10,8,40,1960,5730,0.661764706
1/17/2016 0:00,1,41,880,1960,0.734210526
1/17/2016 3:10,2,42,870,880,0.5
1/17/2016 6:10,3,43,4220,870,-0.2
1/17/2016 9:10,4,44,4060,4220,0.855555556
1/17/2016 12:10,5,45,2540,4060,2.902777778
1/17/2016 15:10,6,46,3730,2540,1.441666667
1/17/2016 18:10,7,47,3010,3730,-1.136111111
1/17/2016 21:10,8,48,1240,3010,-2.114705882
1/18/2016 0:00,1,49,820,1240,-3.557894737
1/18/2016 3:10,2,50,740,820,-4.097222222
1/18/2016 6:10,3,51,860,740,-4.522222222
1/18/2016 9:10,4,52,730,860,-2.741666667
1/18/2016 12:10,5,53,740,730,-0.838888889
1/18/2016 15:10,6,54,670,740,-1.011111111
1/18/2016 18:10,7,55,6890,670,-2.527777778
1/18/2016 21:10,8,56,2080,6890,-4.244117647
1/19/2016 0:00,1,57,800,2080,-4.468421053
1/19/2016 3:10,2,58,740,800,-4.233333333
1/19/2016 6:10,3,59,780,740,-4.444444444
1/19/2016 9:10,4,60,680,780,-3.025
1/19/2016 12:10,5,61,720,680,0.041666667
1/19/2016 15:10,6,62,1220,720,-0.219444444
1/19/2016 18:10,7,63,5890,1220,-3.052777778
1/19/2016 21:10,8,64,1160,5890,-4.005882353
1/20/2016 0:00,1,65,710,1160,-4.790350877
1/20/2016 3:10,2,66,750,710,-4.268518519
1/20/2016 6:10,3,67,2020,750,-2.577777778
1/20/2016 9:10,4,68,1610,2020,-1.713888889
1/20/2016 12:10,5,69,1320,1610,-0.041666667
1/20/2016 15:10,6,70,2020,1320,0.402777778
1/20/2016 18:10,7,71,5750,2020,0.038888889
1/20/2016 21:10,8,72,2300,5750,0.255882353
1/21/2016 0:00,1,73,880,2300,-1.094736842
1/21/2016 3:10,2,74,850,880,-1.172222222
1/21/2016 6:10,3,75,740,850,-2.675
1/21/2016 9:10,4,76,960,740,-0.336111111
1/21/2016 12:10,5,77,1740,960,3.886111111
1/21/2016 15:10,6,78,750,1740,2.977777778
1/21/2016 18:10,7,79,5880,750,-0.211111111
1/21/2016 21:10,8,80,1540,5880,0.091176471
1/22/2016 0:00,1,81,720,1540,-0.3
1/22/2016 3:10,2,82,700,720,-0.944444444
1/22/2016 6:10,3,83,1100,700,-0.858333333
1/22/2016 9:10,4,84,1520,1100,0.944444444
1/22/2016 12:10,5,85,640,1520,3.494444444
1/22/2016 15:10,6,86,680,640,3.136111111
1/22/2016 18:10,7,87,640,680,3.597222222
1/22/2016 21:10,8,88,580,640,3.958823529
1/23/2016 0:00,1,89,690,580,4.768421053
1/23/2016 3:10,2,90,690,690,5.222222222
1/23/2016 6:10,3,91,1270,690,5.741666667
1/23/2016 9:10,4,92,2410,1270,6.2
1/23/2016 12:10,5,93,2890,2410,7.236111111
1/23/2016 15:10,6,94,2400,2890,6.380555556
1/23/2016 18:10,7,95,1710,2400,5.908333333
1/23/2016 21:10,8,96,1340,1710,5.464705882
1/24/2016 0:00,1,97,700,1340,5.281578947
1/24/2016 3:10,2,98,680,700,6.038888889
1/24/2016 6:10,3,99,4980,680,6.261111111
1/24/2016 9:10,4,100,5210,4980,6.533333333
1/24/2016 12:10,5,101,4720,5210,7.252777778
1/24/2016 15:10,6,102,1350,4720,7.886111111
1/24/2016 18:10,7,103,2310,1350,7.986111111
1/24/2016 21:10,8,104,1690,2310,8.014705882
1/25/2016 0:00,1,105,870,1690,8.1
1/25/2016 3:10,2,106,820,870,7.819444444
1/25/2016 6:10,3,107,820,820,6.838888889
1/25/2016 9:10,4,108,750,820,9.866666667
1/25/2016 12:10,5,109,830,750,12.46111111
1/25/2016 15:10,6,110,830,830,11.48333333
1/25/2016 18:10,7,111,2580,830,9.741666667
1/25/2016 21:10,8,112,1970,2580,10.05
1/26/2016 0:00,1,113,1760,1970,9.578947368
1/26/2016 3:10,2,114,750,1760,8.397222222
1/26/2016 6:10,3,115,1240,750,8.763888889
1/26/2016 9:10,4,116,710,1240,9.661111111
1/26/2016 12:10,5,117,730,710,10.70277778
1/26/2016 15:10,6,118,730,730,10.03888889
1/26/2016 18:10,7,119,1820,730,9.669444444
1/26/2016 21:10,8,120,2530,1820,9.6
1/27/2016 0:00,1,121,740,2530,9.936842105
1/27/2016 3:10,2,122,660,740,10.13888889
1/27/2016 6:10,3,123,1190,660,9.969444444
1/27/2016 9:10,4,124,1350,1190,10.12777778
1/27/2016 12:10,5,125,680,1350,11.13055556
1/27/2016 15:10,6,126,640,680,10.85277778
1/27/2016 18:10,7,127,680,640,9.816666667
1/27/2016 21:10,8,128,630,680,9.770588235
1/28/2016 0:00,1,129,740,630,9.715789474
1/28/2016 3:10,2,130,690,740,7.775
1/28/2016 6:10,3,131,610,690,5.394444444
1/28/2016 9:10,4,132,700,610,5.383333333
1/28/2016 12:10,5,133,720,700,7.197222222
1/28/2016 15:10,6,134,650,720,5.691666667
1/28/2016 18:10,7,135,650,650,2.575
1/28/2016 21:10,8,136,640,650,2.841176471
1/29/2016 0:00,1,137,730,640,3.355263158
1/29/2016 3:10,2,138,640,730,4.277777778
1/29/2016 6:10,3,139,680,640,4.794444444
1/29/2016 9:10,4,140,620,680,6.408333333
1/29/2016 12:10,5,141,690,620,8.075
1/29/2016 15:10,6,142,880,690,8.563888889
1/29/2016 18:10,7,143,1510,880,8.991666667
1/29/2016 21:10,8,144,1170,1510,9.064705882
1/30/2016 0:00,1,145,760,1170,8.986842105
1/30/2016 3:10,2,146,690,760,8.836111111
1/30/2016 6:10,3,147,730,690,8.452777778
1/30/2016 9:10,4,148,1090,730,8.533333333
1/30/2016 12:10,5,149,4450,1090,6.858333333
1/30/2016 15:10,6,150,5660,4450,6.052777778
1/30/2016 18:10,7,151,4270,5660,3.713888889
1/30/2016 21:10,8,152,1140,4270,3.629411765
1/31/2016 0:00,1,153,820,1140,4.060526316
1/31/2016 3:10,2,154,760,820,4.286111111
1/31/2016 6:10,3,155,1420,760,4.575
1/31/2016 9:10,4,156,4240,1420,5.811111111
1/31/2016 12:10,5,157,4040,4240,7.194444444
1/31/2016 15:10,6,158,2730,4040,8.85
1/31/2016 18:10,7,159,3500,2730,11.50833333
1/31/2016 21:10,8,160,1130,3500,11.5
2/1/2016 0:00,1,161,820,1130,11.35
2/1/2016 3:10,2,162,830,820,10.88333333
2/1/2016 6:10,3,163,1770,830,10.57777778
2/1/2016 9:10,4,164,3570,1770,11.15833333
2/1/2016 12:10,5,165,5730,3570,11.39166667
2/1/2016 15:10,6,166,4790,5730,11.29444444
2/1/2016 18:10,7,167,3430,4790,10.71944444
2/1/2016 21:10,8,168,1510,3430,10.21470588
2/2/2016 0:00,1,169,980,1510,10.25526316
2/2/2016 3:10,2,170,820,980,9.766666667
2/2/2016 6:10,3,171,1360,820,9.163888889
2/2/2016 9:10,4,172,1270,1360,8.766666667
2/2/2016 12:10,5,173,1340,1270,8.152777778
2/2/2016 15:10,6,174,1190,1340,7.394444444
2/2/2016 18:10,7,175,2930,1190,6.858333333
2/2/2016 21:10,8,176,1330,2930,5.794117647
2/3/2016 0:00,1,177,1190,1330,4.760526316
2/3/2016 3:10,2,178,1000,1190,4.6
2/3/2016 6:10,3,179,1820,1000,4.216666667
2/3/2016 9:10,4,180,4000,1820,4.888888889
2/3/2016 12:10,5,181,2520,4000,6.005555556
2/3/2016 15:10,6,182,3860,2520,5.197222222
2/3/2016 18:10,7,183,3260,3860,5.169444444
2/3/2016 21:10,8,184,1490,3260,4.226470588
2/4/2016 0:00,1,185,830,1490,2.189473684
2/4/2016 3:10,2,186,740,830,2.102777778
2/4/2016 6:10,3,187,910,740,3.619444444
2/4/2016 9:10,4,188,2010,910,4.980555556
2/4/2016 12:10,5,189,3160,2010,8.455555556
2/4/2016 15:10,6,190,1700,3160,9.8
2/4/2016 18:10,7,191,3290,1700,8.169444444
2/4/2016 21:10,8,192,1810,3290,6.526470588
2/5/2016 0:00,1,193,810,1810,7.352631579
2/5/2016 3:10,2,194,760,810,8.602777778
2/5/2016 6:10,3,195,820,760,8.766666667
2/5/2016 9:10,4,196,950,820,9.294444444
2/5/2016 12:10,5,197,920,950,9.8
2/5/2016 15:10,6,198,1090,920,9.866666667
2/5/2016 18:10,7,199,2760,1090,9.305555556
2/5/2016 21:10,8,200,900,2760,8.873529412
2/6/2016 0:00,1,201,890,900,9.2
2/6/2016 3:10,2,202,770,890,8.969444444
2/6/2016 6:10,3,203,830,770,8.122222222
2/6/2016 9:10,4,204,900,830,8.830555556
2/6/2016 12:10,5,205,1200,900,10.46944444
2/6/2016 15:10,6,206,3930,1200,10.71388889
2/6/2016 18:10,7,207,2120,3930,10.80555556
2/6/2016 21:10,8,208,1340,2120,11.00294118
2/7/2016 0:00,1,209,800,1340,11.13684211
2/7/2016 3:10,2,210,760,800,8.994444444
2/7/2016 6:10,3,211,810,760,7.1
2/7/2016 9:10,4,212,950,810,7.288888889
2/7/2016 12:10,5,213,950,950,8.230555556
2/7/2016 15:10,6,214,1810,950,8.202777778
2/7/2016 18:10,7,215,3480,1810,7.322222222
2/7/2016 21:10,8,216,1870,3480,7.638235294
2/8/2016 0:00,1,217,870,1870,7.794736842
2/8/2016 3:10,2,218,760,870,7.861111111
2/8/2016 6:10,3,219,1010,760,8.755555556
2/8/2016 9:10,4,220,4130,1010,8.161111111
2/8/2016 12:10,5,221,4600,4130,8.222222222
2/8/2016 15:10,6,222,5030,4600,7.980555556
2/8/2016 18:10,7,223,3660,5030,7.794444444
2/8/2016 21:10,8,224,1160,3660,7.241176471
2/9/2016 0:00,1,225,850,1160,6.286842105
2/9/2016 3:10,2,226,790,850,6.208333333
2/9/2016 6:10,3,227,900,790,6.266666667
2/9/2016 9:10,4,228,3390,900,5.305555556
2/9/2016 12:10,5,229,3980,3390,4.730555556
2/9/2016 15:10,6,230,2590,3980,3.866666667
2/9/2016 18:10,7,231,3850,2590,3.686111111
2/9/2016 21:10,8,232,1760,3850,3.417647059
2/10/2016 0:00,1,233,1330,1760,3.231578947
2/10/2016 3:10,2,234,1190,1330,2.658333333
2/10/2016 6:10,3,235,1320,1190,2.866666667
2/10/2016 9:10,4,236,1670,1320,4.783333333
2/10/2016 12:10,5,237,1410,1670,5.277777778
2/10/2016 15:10,6,238,1710,1410,5.811111111
2/10/2016 18:10,7,239,3560,1710,4.841666667
2/10/2016 21:10,8,240,1690,3560,4.458823529
2/11/2016 0:00,1,241,970,1690,3.821052632
2/11/2016 3:10,2,242,820,970,2.352777778
2/11/2016 6:10,3,243,1290,820,1.722222222
2/11/2016 9:10,4,244,2090,1290,3.936111111
2/11/2016 12:10,5,245,1980,2090,5.252777778
2/11/2016 15:10,6,246,2600,1980,4.972222222
2/11/2016 18:10,7,247,4040,2600,3.205555556
2/11/2016 21:10,8,248,1510,4040,2.997058824
2/12/2016 0:00,1,249,1040,1510,2.731578947
2/12/2016 3:10,2,250,920,1040,1.958333333
2/12/2016 6:10,3,251,990,920,2.533333333
2/12/2016 9:10,4,252,3200,990,3.608333333
2/12/2016 12:10,5,253,5190,3200,5.2
2/12/2016 15:10,6,254,2160,5190,5.147222222
2/12/2016 18:10,7,255,2320,2160,2.747222222
2/12/2016 21:10,8,256,1150,2320,1.729411765
2/13/2016 0:00,1,257,980,1150,0.613157895
2/13/2016 3:10,2,258,890,980,0.772222222
2/13/2016 6:10,3,259,920,890,1.172222222
2/13/2016 9:10,4,260,3080,920,2.577777778
2/13/2016 12:10,5,261,2130,3080,3.188888889
2/13/2016 15:10,6,262,1450,2130,3.694444444
2/13/2016 18:10,7,263,3370,1450,3.461111111
2/13/2016 21:10,8,264,1020,3370,3.064705882
2/14/2016 0:00,1,265,1000,1020,2.736842105
2/14/2016 3:10,2,266,1000,1000,2.594444444
2/14/2016 6:10,3,267,1440,1000,2.433333333
2/14/2016 9:10,4,268,2280,1440,2.730555556
2/14/2016 12:10,5,269,2210,2280,3.291666667
2/14/2016 15:10,6,270,1950,2210,2.988888889
2/14/2016 18:10,7,271,3300,1950,2.730555556
2/14/2016 21:10,8,272,1570,3300,2.329411765
2/15/2016 0:00,1,273,1050,1570,2.486842105
2/15/2016 3:10,2,274,980,1050,2.4
2/15/2016 6:10,3,275,1480,980,1.838888889
2/15/2016 9:10,4,276,3600,1480,3.347222222
2/15/2016 12:10,5,277,3520,3600,5.283333333
2/15/2016 15:10,6,278,1030,3520,4.944444444
2/15/2016 18:10,7,279,3930,1030,1.763888889
2/15/2016 21:10,8,280,1360,3930,-0.261764706
2/16/2016 0:00,1,281,890,1360,-1.063157895
2/16/2016 3:10,2,282,740,890,-2.572222222
2/16/2016 6:10,3,283,2610,740,-2.913888889
2/16/2016 9:10,4,284,3290,2610,0.888888889
2/16/2016 12:10,5,285,1210,3290,3.977777778
2/16/2016 15:10,6,286,940,1210,3.947222222
2/16/2016 18:10,7,287,2530,940,0.247222222
2/16/2016 21:10,8,288,1210,2530,-1.855882353
2/17/2016 0:00,1,289,1030,1210,-3.068421053
2/17/2016 3:10,2,290,1030,1030,-3.038888889
2/17/2016 6:10,3,291,1070,1030,-3.936111111
2/17/2016 9:10,4,292,1280,1070,0.019444444
2/17/2016 12:10,5,293,1160,1280,3.036111111
2/17/2016 15:10,6,294,1320,1160,2.719444444
2/17/2016 18:10,7,295,1660,1320,0.672222222
2/17/2016 21:10,8,296,1070,1660,-0.223529412
2/18/2016 0:00,1,297,970,1070,-0.373684211
2/18/2016 3:10,2,298,850,970,-1.052777778
2/18/2016 6:10,3,299,1300,850,-0.027777778
2/18/2016 9:10,4,300,3030,1300,1.627777778
2/18/2016 12:10,5,301,1260,3030,3.361111111
2/18/2016 15:10,6,302,1200,1260,3.047222222
2/18/2016 18:10,7,303,2370,1200,1.886111111
2/18/2016 21:10,8,304,1080,2370,0.941176471
2/19/2016 0:00,1,305,830,1080,0.273684211
2/19/2016 3:10,2,306,740,830,0.622222222
2/19/2016 6:10,3,307,1310,740,-0.733333333
2/19/2016 9:10,4,308,4770,1310,2.866666667
2/19/2016 12:10,5,309,3860,4770,6.436111111
2/19/2016 15:10,6,310,3620,3860,6.680555556
2/19/2016 18:10,7,311,1310,3620,4.358333333
2/19/2016 21:10,8,312,710,1310,5.067647059
2/20/2016 0:00,1,313,790,710,5.789473684
2/20/2016 3:10,2,314,770,790,5.758333333
2/20/2016 6:10,3,315,810,770,7.111111111
2/20/2016 9:10,4,316,3200,810,8.644444444
2/20/2016 12:10,5,317,3650,3200,9.655555556
2/20/2016 15:10,6,318,1470,3650,9.655555556
2/20/2016 18:10,7,319,2740,1470,10.1
2/20/2016 21:10,8,320,1080,2740,10.92058824
2/21/2016 0:00,1,321,860,1080,10.43684211
2/21/2016 3:10,2,322,850,860,10.1
2/21/2016 6:10,3,323,830,850,10.53055556
2/21/2016 9:10,4,324,1290,830,10.825
2/21/2016 12:10,5,325,1650,1290,11.34444444
2/21/2016 15:10,6,326,1930,1650,11.93055556
2/21/2016 18:10,7,327,4200,1930,11.1
2/21/2016 21:10,8,328,1150,4200,10.53529412
2/22/2016 0:00,1,329,1070,1150,9.965789474
2/22/2016 3:10,2,330,930,1070,10.02777778
2/22/2016 6:10,3,331,1100,930,9.486111111
2/22/2016 9:10,4,332,2950,1100,9.352777778
2/22/2016 12:10,5,333,1740,2950,10.34722222
2/22/2016 15:10,6,334,1540,1740,7.011111111
2/22/2016 18:10,7,335,2890,1540,5.475
2/22/2016 21:10,8,336,1230,2890,5.026470588
2/23/2016 0:00,1,337,1120,1230,4.005263158
2/23/2016 3:10,2,338,1020,1120,3.713888889
2/23/2016 6:10,3,339,970,1020,3.897222222
2/23/2016 9:10,4,340,2460,970,5.6
2/23/2016 12:10,5,341,1680,2460,6.588888889
2/23/2016 15:10,6,342,1700,1680,5.686111111
2/23/2016 18:10,7,343,2720,1700,3.672222222
2/23/2016 21:10,8,344,1100,2720,1.252941176
2/24/2016 0:00,1,345,890,1100,-0.044736842
2/24/2016 3:10,2,346,860,890,-1.127777778
2/24/2016 6:10,3,347,900,860,-2.022222222
2/24/2016 9:10,4,348,1180,900,3.369444444
2/24/2016 12:10,5,349,2010,1180,6.158333333
2/24/2016 15:10,6,350,1950,2010,5.955555556
2/24/2016 18:10,7,351,1980,1950,2.886111111
2/24/2016 21:10,8,352,1460,1980,1.061764706
2/25/2016 0:00,1,353,900,1460,0.668421053
2/25/2016 3:10,2,354,800,900,-0.022222222
2/25/2016 6:10,3,355,1500,800,-0.247222222
2/25/2016 9:10,4,356,4370,1500,3.758333333
2/25/2016 12:10,5,357,4510,4370,5.577777778
2/25/2016 15:10,6,358,1830,4510,4.713888889
2/25/2016 18:10,7,359,3040,1830,2.741666667
2/25/2016 21:10,8,360,1060,3040,2.076470588
2/26/2016 0:00,1,361,800,1060,1.768421053
2/26/2016 3:10,2,362,790,800,1.069444444
2/26/2016 6:10,3,363,1590,790,1.097222222
2/26/2016 9:10,4,364,2960,1590,3.222222222
2/26/2016 12:10,5,365,3220,2960,5.433333333
2/26/2016 15:10,6,366,940,3220,5.341666667
2/26/2016 18:10,7,367,2230,940,3.852777778
2/26/2016 21:10,8,368,1020,2230,2.902941176
2/27/2016 0:00,1,369,820,1020,2.015789474
2/27/2016 3:10,2,370,780,820,1.258333333
2/27/2016 6:10,3,371,930,780,0.597222222
2/27/2016 9:10,4,372,2470,930,3.652777778
2/27/2016 12:10,5,373,2740,2470,5.891666667
2/27/2016 15:10,6,374,1140,2740,5.869444444
2/27/2016 18:10,7,375,1780,1140,3.380555556
2/27/2016 21:10,8,376,1330,1780,1.805882353
2/28/2016 0:00,1,377,930,1330,0.768421053
2/28/2016 3:10,2,378,860,930,0.083333333
2/28/2016 6:10,3,379,930,860,-0.130555556
2/28/2016 9:10,4,380,1040,930,2.605555556
2/28/2016 12:10,5,381,890,1040,5.477777778
2/28/2016 15:10,6,382,860,890,5.552777778
2/28/2016 18:10,7,383,1130,860,3.844444444
2/28/2016 21:10,8,384,1060,1130,2.229411765
2/29/2016 0:00,1,385,960,1060,1.4
2/29/2016 3:10,2,386,800,960,0.238888889
2/29/2016 6:10,3,387,2000,800,0.036111111
2/29/2016 9:10,4,388,4000,2000,3.019444444
2/29/2016 12:10,5,389,5780,4000,5.411111111
2/29/2016 15:10,6,390,4770,5780,5.722222222
2/29/2016 18:10,7,391,3090,4770,1.991666667
2/29/2016 21:10,8,392,1230,3090,-0.711764706
3/1/2016 0:00,1,393,970,1230,-2.007894737
3/1/2016 3:10,2,394,740,970,-2.627777778
3/1/2016 6:10,3,395,1170,740,-0.363888889
3/1/2016 9:10,4,396,1310,1170,2.469444444
3/1/2016 12:10,5,397,1580,1310,3.755555556
3/1/2016 15:10,6,398,890,1580,4.827777778
3/1/2016 18:10,7,399,2710,890,6.330555556
3/1/2016 21:10,8,400,1050,2710,7.779411765
3/2/2016 0:00,1,401,830,1050,8.239473684
3/2/2016 3:10,2,402,800,830,7.541666667
3/2/2016 6:10,3,403,1690,800,6.422222222
3/2/2016 9:10,4,404,2310,1690,6.375
3/2/2016 12:10,5,405,1270,2310,7.997222222
3/2/2016 15:10,6,406,2020,1270,5.433333333
3/2/2016 18:10,7,407,3280,2020,2.805555556
3/2/2016 21:10,8,408,1160,3280,2.352941176
3/3/2016 0:00,1,409,840,1160,2.25
3/3/2016 3:10,2,410,800,840,3.305555556
3/3/2016 6:10,3,411,970,800,3.497222222
3/3/2016 9:10,4,412,1560,970,4.044444444
3/3/2016 12:10,5,413,2990,1560,6.566666667
3/3/2016 15:10,6,414,2000,2990,7.188888889
3/3/2016 18:10,7,415,1700,2000,3.472222222
3/3/2016 21:10,8,416,950,1700,1.782352941
3/4/2016 0:00,1,417,910,950,3.581578947
3/4/2016 3:10,2,418,790,910,3.963888889
3/4/2016 6:10,3,419,800,790,3.903571429
3/4/2016 9:10,4,420,780,800,4.289285714
3/4/2016 12:10,5,421,2980,780,5.059920635
3/4/2016 15:10,6,422,3760,2980,6.847222222
3/4/2016 18:10,7,423,2360,3760,3.361111111
3/4/2016 21:10,8,424,1350,2360,1.470588235
3/5/2016 0:00,1,425,850,1350,0.489473684
3/5/2016 3:10,2,426,770,850,0.297222222
3/5/2016 6:10,3,427,800,770,1.233333333
3/5/2016 9:10,4,428,1140,800,2.908333333
3/5/2016 12:10,5,429,2430,1140,5.088888889
3/5/2016 15:10,6,430,3630,2430,6.213888889
3/5/2016 18:10,7,431,2280,3630,2.761111111
3/5/2016 21:10,8,432,1260,2280,3.158823529
3/6/2016 0:00,1,433,800,1260,3.355263158
3/6/2016 3:10,2,434,790,800,2.902777778
3/6/2016 6:10,3,435,760,790,2.813888889
3/6/2016 9:10,4,436,1140,760,2.930555556
3/6/2016 12:10,5,437,1380,1140,4.258333333
3/6/2016 15:10,6,438,1800,1380,2.830555556
3/6/2016 18:10,7,439,4570,1800,2.130555556
3/6/2016 21:10,8,440,1680,4570,0.726470588
3/7/2016 0:00,1,441,820,1680,0.236842105
3/7/2016 3:10,2,442,730,820,0.136111111
3/7/2016 6:10,3,443,1420,730,0.336111111
3/7/2016 9:10,4,444,6340,1420,1.919444444
3/7/2016 12:10,5,445,4560,6340,4.127777778
3/7/2016 15:10,6,446,2800,4560,3.377777778
3/7/2016 18:10,7,447,2580,2800,2.016666667
3/7/2016 21:10,8,448,1290,2580,0.802941176
3/8/2016 0:00,1,449,1070,1290,0.578947368
3/8/2016 3:10,2,450,800,1070,-0.163888889
3/8/2016 6:10,3,451,880,800,-0.227777778
3/8/2016 9:10,4,452,830,880,3.175
3/8/2016 12:10,5,453,1810,830,6.391666667
3/8/2016 15:10,6,454,920,1810,6.638888889
3/8/2016 18:10,7,455,3390,920,5.241666667
3/8/2016 21:10,8,456,1070,3390,4.605882353
3/9/2016 0:00,1,457,850,1070,4.444736842
3/9/2016 3:10,2,458,780,850,3.855555556
3/9/2016 6:10,3,459,1910,780,4.036111111
3/9/2016 9:10,4,460,2070,1910,5.488888889
3/9/2016 12:10,5,461,1300,2070,6.830555556
3/9/2016 15:10,6,462,1890,1300,6.511111111
3/9/2016 18:10,7,463,2470,1890,5.641666667
3/9/2016 21:10,8,464,1230,2470,4.632352941
3/10/2016 0:00,1,465,1010,1230,2.323684211
3/10/2016 3:10,2,466,780,1010,0.5
3/10/2016 6:10,3,467,820,780,0.047222222
3/10/2016 9:10,4,468,1600,820,5.483333333
3/10/2016 12:10,5,469,1170,1600,9.405555556
3/10/2016 15:10,6,470,2990,1170,9.716666667
3/10/2016 18:10,7,471,3910,2990,6.411111111
3/10/2016 21:10,8,472,1100,3910,3.238235294
3/11/2016 0:00,1,473,880,1100,1.276315789
3/11/2016 3:10,2,474,840,880,-0.119444444
3/11/2016 6:10,3,475,1910,840,-0.261111111
3/11/2016 9:10,4,476,1460,1910,4.205555556
3/11/2016 12:10,5,477,910,1460,8.727777778
3/11/2016 15:10,6,478,890,910,9.269444444
3/11/2016 18:10,7,479,2280,890,6.919444444
3/11/2016 21:10,8,480,1060,2280,5.014705882
3/12/2016 0:00,1,481,830,1060,3.65
3/12/2016 3:10,2,482,800,830,0.986111111
3/12/2016 6:10,3,483,900,800,-0.108333333
3/12/2016 9:10,4,484,1680,900,4.458333333
3/12/2016 12:10,5,485,2750,1680,8.616666667
3/12/2016 15:10,6,486,1430,2750,9.555555556
3/12/2016 18:10,7,487,3930,1430,6
3/12/2016 21:10,8,488,1880,3930,3.047058824
3/13/2016 0:00,1,489,950,1880,0.873684211
3/13/2016 3:10,2,490,920,950,-0.713888889
3/13/2016 6:10,3,491,1000,920,-0.611111111
3/13/2016 9:10,4,492,1660,1000,3.605555556
3/13/2016 12:10,5,493,1100,1660,8.263888889
3/13/2016 15:10,6,494,1140,1100,9.402777778
3/13/2016 18:10,7,495,2030,1140,6.347222222
3/13/2016 21:10,8,496,980,2030,4.317647059
3/14/2016 0:00,1,497,810,980,1.823684211
3/14/2016 3:10,2,498,790,810,0.205555556
3/14/2016 6:10,3,499,2050,790,0.166666667
3/14/2016 9:10,4,500,5050,2050,2.694444444
3/14/2016 12:10,5,501,5010,5050,5.261111111
3/14/2016 15:10,6,502,5530,5010,7.491666667
3/14/2016 18:10,7,503,3000,5530,4.741666667
3/14/2016 21:10,8,504,1380,3000,2.511764706
3/15/2016 0:00,1,505,870,1380,0.610526316
3/15/2016 3:10,2,506,810,870,-0.855555556
3/15/2016 6:10,3,507,1680,810,-0.588888889
3/15/2016 9:10,4,508,1090,1680,4.488888889
3/15/2016 12:10,5,509,1510,1090,9.677777778
3/15/2016 15:10,6,510,2090,1510,9.497222222
3/15/2016 18:10,7,511,4690,2090,6.6
3/15/2016 21:10,8,512,1270,4690,5.405882353
3/16/2016 0:00,1,513,1050,1270,4.589473684
3/16/2016 3:10,2,514,800,1050,3.658333333
3/16/2016 6:10,3,515,2000,800,2.619444444
3/16/2016 9:10,4,516,4010,2000,5.875
3/16/2016 12:10,5,517,4160,4010,7.525
3/16/2016 15:10,6,518,4970,4160,7.861111111
3/16/2016 18:10,7,519,4780,4970,5.947222222
3/16/2016 21:10,8,520,1040,4780,3.832352941
3/17/2016 0:00,1,521,900,1040,1.492105263
3/17/2016 3:10,2,522,850,900,0.294444444
3/17/2016 6:10,3,523,1730,850,0.275
3/17/2016 9:10,4,524,1910,1730,5.955555556
3/17/2016 12:10,5,525,1040,1910,9.463888889
3/17/2016 15:10,6,526,1550,1040,10.02222222
3/17/2016 18:10,7,527,3290,1550,6.308333333
3/17/2016 21:10,8,528,1240,3290,3.052941176
3/18/2016 0:00,1,529,900,1240,1.668421053
3/18/2016 3:10,2,530,810,900,0.680555556
3/18/2016 6:10,3,531,940,810,2.033333333
3/18/2016 9:10,4,532,960,940,2.852777778
3/18/2016 12:10,5,533,1070,960,6.061111111
3/18/2016 15:10,6,534,1150,1070,6.872222222
3/18/2016 18:10,7,535,2180,1150,5.572222222
3/18/2016 21:10,8,536,1010,2180,5.058823529
3/19/2016 0:00,1,537,920,1010,5.018421053
3/19/2016 3:10,2,538,830,920,4.661111111
3/19/2016 6:10,3,539,1340,830,4.897222222
3/19/2016 9:10,4,540,4530,1340,5.455555556
3/19/2016 12:10,5,541,3680,4530,6.402777778
3/19/2016 15:10,6,542,1650,3680,6.958333333
3/19/2016 18:10,7,543,2240,1650,6.338888889
3/19/2016 21:10,8,544,1180,2240,5.429411765
3/20/2016 0:00,1,545,1010,1180,5.194736842
3/20/2016 3:10,2,546,1000,1010,4.941666667
3/20/2016 6:10,3,547,1230,1000,4.925
3/20/2016 9:10,4,548,3790,1230,5.636111111
3/20/2016 12:10,5,549,2400,3790,6.566666667
3/20/2016 15:10,6,550,2310,2400,7.802777778
3/20/2016 18:10,7,551,3130,2310,6.325
3/20/2016 21:10,8,552,1280,3130,5.7
3/21/2016 0:00,1,553,1040,1280,4.865789474
3/21/2016 3:10,2,554,930,1040,4.652777778
3/21/2016 6:10,3,555,2110,930,5.702777778
3/21/2016 9:10,4,556,1040,2110,7.75
3/21/2016 12:10,5,557,940,1040,9.152777778
3/21/2016 15:10,6,558,950,940,9.311111111
3/21/2016 18:10,7,559,2950,950,7.675
3/21/2016 21:10,8,560,1240,2950,6.788235294
3/22/2016 0:00,1,561,960,1240,5.468421053
3/22/2016 3:10,2,562,900,960,3.108333333
3/22/2016 6:10,3,563,930,900,2.305555556
3/22/2016 9:10,4,564,840,930,8.644444444
3/22/2016 12:10,5,565,900,840,11.55833333
3/22/2016 15:10,6,566,1020,900,11.00833333
3/22/2016 18:10,7,567,3380,1020,7.672222222
3/22/2016 21:10,8,568,1310,3380,5.532352941
3/23/2016 0:00,1,569,920,1310,5.463157895
3/23/2016 3:10,2,570,930,920,5.138888889
3/23/2016 6:10,3,571,2550,930,5.7
3/23/2016 9:10,4,572,1320,2550,7.819444444
3/23/2016 12:10,5,573,1270,1320,8.888888889
3/23/2016 15:10,6,574,1760,1270,8.633333333
3/23/2016 18:10,7,575,2410,1760,7.966666667
3/23/2016 21:10,8,576,1090,2410,6.508823529
3/24/2016 0:00,1,577,980,1090,5.889473684
3/24/2016 3:10,2,578,840,980,5.3
3/24/2016 6:10,3,579,950,840,5.994444444
3/24/2016 9:10,4,580,1000,950,7.508333333
3/24/2016 12:10,5,581,890,1000,9.241666667
3/24/2016 15:10,6,582,1650,890,9.138888889
3/24/2016 18:10,7,583,2640,1650,7.702777778
3/24/2016 21:10,8,584,1150,2640,6.514705882
3/25/2016 0:00,1,585,950,1150,6.263157895
3/25/2016 3:10,2,586,920,950,6.166666667
3/25/2016 6:10,3,587,1740,920,6.277777778
3/25/2016 9:10,4,588,5440,1740,7.408333333
3/25/2016 12:10,5,589,5480,5440,9.522222222
3/25/2016 15:10,6,590,5620,5480,10.19722222
3/25/2016 18:10,7,591,4570,5620,7.605555556
3/25/2016 21:10,8,592,1260,4570,2.941176471
3/26/2016 0:00,1,593,1010,1260,3.128947368
3/26/2016 3:10,2,594,900,1010,3.341666667
3/26/2016 6:10,3,595,1060,900,5.336111111
3/26/2016 9:10,4,596,3730,1060,9.213888889
3/26/2016 12:10,5,597,2080,3730,13.15555556
3/26/2016 15:10,6,598,1620,2080,13.39166667
3/26/2016 18:10,7,599,3060,1620,13.36944444
3/26/2016 21:10,8,600,2230,3060,13.29411765
3/27/2016 0:00,1,601,1070,2230,8.771052632
3/27/2016 3:10,2,602,1070,1070,6.930555556
3/27/2016 6:10,3,603,1000,1070,6.327777778
3/27/2016 9:10,4,604,1540,1000,7.822222222
3/27/2016 12:10,5,605,1210,1540,11.44722222
3/27/2016 15:10,6,606,1410,1210,12.38611111
3/27/2016 18:10,7,607,1910,1410,9.658333333
3/27/2016 21:10,8,608,1310,1910,8.394117647
3/28/2016 0:00,1,609,1140,1310,8.763157895
3/28/2016 3:10,2,610,1060,1140,8.327777778
3/28/2016 6:10,3,611,1150,1060,8.361111111
3/28/2016 9:10,4,612,2670,1150,9.030555556
3/28/2016 12:10,5,613,3630,2670,10.59444444
3/28/2016 15:10,6,614,4140,3630,10.24444444
3/28/2016 18:10,7,615,3520,4140,8.966666667
3/28/2016 21:10,8,616,1020,3520,7.052941176
3/29/2016 0:00,1,617,1110,1020,5.965789474
3/29/2016 3:10,2,618,1030,1110,5.697222222
3/29/2016 6:10,3,619,1130,1030,5.327777778
3/29/2016 9:10,4,620,1370,1130,7.944444444
3/29/2016 12:10,5,621,1960,1370,10.1
3/29/2016 15:10,6,622,3130,1960,11.35
3/29/2016 18:10,7,623,2210,3130,10.725
3/29/2016 21:10,8,624,1230,2210,9.547058824
3/30/2016 0:00,1,625,1150,1230,9.586842105
3/30/2016 3:10,2,626,1010,1150,8.8
3/30/2016 6:10,3,627,1250,1010,7.636111111
3/30/2016 9:10,4,628,1780,1250,8.783333333
3/30/2016 12:10,5,629,1660,1780,10.26111111
3/30/2016 15:10,6,630,1430,1660,10.97222222
3/30/2016 18:10,7,631,3350,1430,9.411111111
3/30/2016 21:10,8,632,1000,3350,6.979411765
3/31/2016 0:00,1,633,910,1000,6.236842105
3/31/2016 3:10,2,634,910,910,6.013888889
3/31/2016 6:10,3,635,1080,910,5.986111111
3/31/2016 9:10,4,636,1540,1080,7.15
3/31/2016 12:10,5,637,1850,1540,7.638888889
3/31/2016 15:10,6,638,2380,1850,8.244444444
3/31/2016 18:10,7,639,1860,2380,7.802777778
3/31/2016 21:10,8,640,870,1860,6.332352941
4/1/2016 0:00,1,641,930,870,6.015789474
4/1/2016 3:10,2,642,870,930,3.738888889
4/1/2016 6:10,3,643,1350,870,2.463888889
4/1/2016 9:10,4,644,2060,1350,6.011111111
4/1/2016 12:10,5,645,860,2060,10.11388889
4/1/2016 15:10,6,646,830,860,10.68888889
4/1/2016 18:10,7,647,820,830,9.652777778
4/1/2016 21:10,8,648,860,820,8.602941176
4/2/2016 0:00,1,649,910,860,7.95
4/2/2016 3:10,2,650,840,910,6.977777778
4/2/2016 6:10,3,651,840,840,6.830555556
4/2/2016 9:10,4,652,830,840,7.963888889
4/2/2016 12:10,5,653,950,830,9.633333333
4/2/2016 15:10,6,654,1060,950,11.275
4/2/2016 18:10,7,655,970,1060,12.00277778
4/2/2016 21:10,8,656,900,970,12.27647059
4/3/2016 0:00,1,657,1040,900,13.39736842
4/3/2016 3:10,2,658,960,1040,11.98888889
4/3/2016 6:10,3,659,970,960,11.97777778
4/3/2016 9:10,4,660,1050,970,14.82777778
4/3/2016 12:10,5,661,1380,1050,18.39444444
4/3/2016 15:10,6,662,1660,1380,18.9
4/3/2016 18:10,7,663,1990,1660,17.28611111
4/3/2016 21:10,8,664,1290,1990,15.86470588
4/4/2016 0:00,1,665,1030,1290,14.12631579
4/4/2016 3:10,2,666,1030,1030,12.15277778
4/4/2016 6:10,3,667,1900,1030,10.98888889
4/4/2016 9:10,4,668,6070,1900,11.06944444
4/4/2016 12:10,5,669,6680,6070,14.36388889
4/4/2016 15:10,6,670,7330,6680,14.41666667
4/4/2016 18:10,7,671,1990,7330,12.31666667
4/4/2016 21:10,8,672,1120,1990,9.876470588
4/5/2016 0:00,1,673,1100,1120,9.502631579
4/5/2016 3:10,2,674,1060,1100,10.16388889
4/5/2016 6:10,3,675,3520,1060,9.647222222
4/5/2016 9:10,4,676,2230,3520,10.71944444
4/5/2016 12:10,5,677,4370,2230,11.74166667
4/5/2016 15:10,6,678,5490,4370,13.51111111
4/5/2016 18:10,7,679,3590,5490,12.03611111
4/5/2016 21:10,8,680,940,3590,8.520588235
4/6/2016 0:00,1,681,990,940,6.931578947
4/6/2016 3:10,2,682,920,990,6.502777778
4/6/2016 6:10,3,683,1600,920,7.344444444
4/6/2016 9:10,4,684,1340,1600,9.477777778
4/6/2016 12:10,5,685,1930,1340,10.56111111
4/6/2016 15:10,6,686,2290,1930,10.79444444
4/6/2016 18:10,7,687,2670,2290,9.347222222
4/6/2016 21:10,8,688,870,2670,7.920588235
4/7/2016 0:00,1,689,1020,870,6.168421053
4/7/2016 3:10,2,690,880,1020,4.847222222
4/7/2016 6:10,3,691,2050,880,4.286111111
4/7/2016 9:10,4,692,1440,2050,7.472222222
4/7/2016 12:10,5,693,850,1440,10.01944444
4/7/2016 15:10,6,694,890,850,10.28888889
4/7/2016 18:10,7,695,1810,890,9.161111111
4/7/2016 21:10,8,696,970,1810,7.232352941
4/8/2016 0:00,1,697,1030,970,5.963157895
4/8/2016 3:10,2,698,880,1030,5.683333333
4/8/2016 6:10,3,699,1520,880,5.169444444
4/8/2016 9:10,4,700,2810,1520,8.308333333
4/8/2016 12:10,5,701,2480,2810,10.15277778
4/8/2016 15:10,6,702,7420,2480,10.99722222
4/8/2016 18:10,7,703,2400,7420,9.480555556
4/8/2016 21:10,8,704,820,2400,8.023529412
4/9/2016 0:00,1,705,970,820,6.615789474
4/9/2016 3:10,2,706,920,970,4.055555556
4/9/2016 6:10,3,707,1490,920,4.563888889
4/9/2016 9:10,4,708,1800,1490,9.686111111
4/9/2016 12:10,5,709,2430,1800,12.58333333
4/9/2016 15:10,6,710,3650,2430,13.83888889
4/9/2016 18:10,7,711,2880,3650,12.05833333
4/9/2016 21:10,8,712,1010,2880,8.364705882
4/10/2016 0:00,1,713,1000,1010,6.531578947
4/10/2016 3:10,2,714,880,1000,4.897222222
4/10/2016 6:10,3,715,1470,880,3.144444444
4/10/2016 9:10,4,716,1870,1470,8.722222222
4/10/2016 12:10,5,717,1040,1870,12.34444444
4/10/2016 15:10,6,718,1220,1040,14.43611111
4/10/2016 18:10,7,719,2200,1220,13.84722222
4/10/2016 21:10,8,720,1000,2200,11.09705882
4/11/2016 0:00,1,721,1000,1000,10.11315789
4/11/2016 3:10,2,722,1070,1000,8.983333333
4/11/2016 6:10,3,723,870,1070,10.55
4/11/2016 9:10,4,724,1450,870,14.76944444
4/11/2016 12:10,5,725,1410,1450,16.96388889
4/11/2016 15:10,6,726,2390,1410,15.24444444
4/11/2016 18:10,7,727,1980,2390,14.31388889
4/11/2016 21:10,8,728,1040,1980,12.29117647
4/12/2016 0:00,1,729,1000,1040,8.8
4/12/2016 3:10,2,730,960,1000,6.780555556
4/12/2016 6:10,3,731,1180,960,8.236111111
4/12/2016 9:10,4,732,980,1180,12.71111111
4/12/2016 12:10,5,733,1090,980,14.61111111
4/12/2016 15:10,6,734,3510,1090,13.14722222
4/12/2016 18:10,7,735,5990,3510,12.00555556
4/12/2016 21:10,8,736,1190,5990,8.9
4/13/2016 0:00,1,737,1010,1190,7.610526316
4/13/2016 3:10,2,738,1670,1010,6.155555556
4/13/2016 6:10,3,739,1580,1670,5.683333333
4/13/2016 9:10,4,740,1120,1580,9.252777778
4/13/2016 12:10,5,741,1370,1120,10.29166667
4/13/2016 15:10,6,742,2600,1370,10.1
4/13/2016 18:10,7,743,3390,2600,10.34166667
4/13/2016 21:10,8,744,830,3390,6.161764706
4/14/2016 0:00,1,745,1020,830,3.257894737
4/14/2016 3:10,2,746,940,1020,1.591666667
4/14/2016 6:10,3,747,1360,940,2.319444444
4/14/2016 9:10,4,748,1340,1360,9.775
4/14/2016 12:10,5,749,1140,1340,14.97777778
4/14/2016 15:10,6,750,2820,1140,16.11388889
4/14/2016 18:10,7,751,2820,2820,14.38333333
4/14/2016 21:10,8,752,910,2820,12.68529412
4/15/2016 0:00,1,753,1000,910,9.602631579
4/15/2016 3:10,2,754,990,1000,9.558333333
4/15/2016 6:10,3,755,6110,990,9.666666667
4/15/2016 9:10,4,756,4140,6110,10.90555556
4/15/2016 12:10,5,757,1250,4140,13.575
4/15/2016 15:10,6,758,1480,1250,15.19259259
4/15/2016 18:10,7,759,2600,1480,13.61851852
4/15/2016 21:10,8,760,1350,2600,11.35294118
4/16/2016 0:00,1,761,1010,1350,10.40526316
4/16/2016 3:10,2,762,950,1010,9.444444444
4/16/2016 6:10,3,763,1510,950,9.063888889
4/16/2016 9:10,4,764,4210,1510,10.16944444
4/16/2016 12:10,5,765,3510,4210,10.42777778
4/16/2016 15:10,6,766,5020,3510,9.336111111
4/16/2016 18:10,7,767,1930,5020,8.252777778
4/16/2016 21:10,8,768,1180,1930,5.305882353
4/17/2016 0:00,1,769,990,1180,3.392105263
4/17/2016 3:10,2,770,930,990,1.280555556
4/17/2016 6:10,3,771,1570,930,2.777777778
4/17/2016 9:10,4,772,4190,1570,6.922222222
4/17/2016 12:10,5,773,1510,4190,7.705555556
4/17/2016 15:10,6,774,3050,1510,9.305555556
4/17/2016 18:10,7,775,1980,3050,7.825
4/17/2016 21:10,8,776,1030,1980,4.952941176
4/18/2016 0:00,1,777,1120,1030,2.805263158
4/18/2016 3:10,2,778,880,1120,0.738888889
4/18/2016 6:10,3,779,950,880,2.102777778
4/18/2016 9:10,4,780,1080,950,8.580555556
4/18/2016 12:10,5,781,860,1080,11.09722222
4/18/2016 15:10,6,782,2540,860,10.91111111
4/18/2016 18:10,7,783,2090,2540,10.51111111
4/18/2016 21:10,8,784,820,2090,6.75
4/19/2016 0:00,1,785,910,820,6.684210526
4/19/2016 3:10,2,786,1310,910,5.019444444
4/19/2016 6:10,3,787,1550,1310,6.055555556
4/19/2016 9:10,4,788,850,1550,9.780555556
4/19/2016 12:10,5,789,880,850,12.41388889
4/19/2016 15:10,6,790,2230,880,12.90833333
4/19/2016 18:10,7,791,1880,2230,11.17777778
4/19/2016 21:10,8,792,820,1880,7.129411765
4/20/2016 0:00,1,793,930,820,5.018421053
4/20/2016 3:10,2,794,910,930,3.486111111
4/20/2016 6:10,3,795,1100,910,3.441666667
4/20/2016 9:10,4,796,990,1100,9.094444444
4/20/2016 12:10,5,797,1710,990,12.79444444
4/20/2016 15:10,6,798,2260,1710,15.13333333
4/20/2016 18:10,7,799,2780,2260,13.23888889
4/20/2016 21:10,8,800,930,2780,9.076470588
4/21/2016 0:00,1,801,980,930,7.323684211
4/21/2016 3:10,2,802,980,980,5.855555556
4/21/2016 6:10,3,803,930,980,5.602777778
4/21/2016 9:10,4,804,940,930,11.55277778
4/21/2016 12:10,5,805,1050,940,16.69722222
4/21/2016 15:10,6,806,2170,1050,18.54166667
4/21/2016 18:10,7,807,2850,2170,16.16944444
4/21/2016 21:10,8,808,1170,2850,13.92352941
4/22/2016 0:00,1,809,1220,1170,11.71578947
4/22/2016 3:10,2,810,1270,1220,10.025
4/22/2016 6:10,3,811,3040,1270,8.419444444
4/22/2016 9:10,4,812,5770,3040,10.49722222
4/22/2016 12:10,5,813,4140,5770,12.33888889
4/22/2016 15:10,6,814,6040,4140,13.28888889
4/22/2016 18:10,7,815,2100,6040,12.40833333
4/22/2016 21:10,8,816,990,2100,10.36470588
4/23/2016 0:00,1,817,1030,990,7.789473684
4/23/2016 3:10,2,818,950,1030,6.552777778
4/23/2016 6:10,3,819,1060,950,5.958333333
4/23/2016 9:10,4,820,4120,1060,7.594444444
4/23/2016 12:10,5,821,2400,4120,9.208333333
4/23/2016 15:10,6,822,1390,2400,8.961111111
4/23/2016 18:10,7,823,3060,1390,7.016666667
4/23/2016 21:10,8,824,1110,3060,3.535294118
4/24/2016 0:00,1,825,1010,1110,2.031578947
4/24/2016 3:10,2,826,1020,1010,2.261111111
4/24/2016 6:10,3,827,1320,1020,3.227777778
4/24/2016 9:10,4,828,2550,1320,4.769444444
4/24/2016 12:10,5,829,1130,2550,5.133333333
4/24/2016 15:10,6,830,1570,1130,6.472222222
4/24/2016 18:10,7,831,1860,1570,6.077777778
4/24/2016 21:10,8,832,1320,1860,2.802941176
4/25/2016 0:00,1,833,1250,1320,1.505263158
4/25/2016 3:10,2,834,1290,1250,1.672222222
4/25/2016 6:10,3,835,1030,1290,3.302777778
4/25/2016 9:10,4,836,1090,1030,5.613888889
4/25/2016 12:10,5,837,1100,1090,8.202777778
4/25/2016 15:10,6,838,2010,1100,7.563888889
4/25/2016 18:10,7,839,1950,2010,6.133333333
4/25/2016 21:10,8,840,1100,1950,5.029411765
4/26/2016 0:00,1,841,990,1100,2.805263158
4/26/2016 3:10,2,842,1260,990,1.511111111
4/26/2016 6:10,3,843,1480,1260,2.4
4/26/2016 9:10,4,844,880,1480,5.580555556
4/26/2016 12:10,5,845,870,880,5.038888889
4/26/2016 15:10,6,846,2400,870,5.422222222
4/26/2016 18:10,7,847,1850,2400,5.372222222
4/26/2016 21:10,8,848,930,1850,2.179411765
4/27/2016 0:00,1,849,920,930,2.692105263
4/27/2016 3:10,2,850,920,920,2.647222222
4/27/2016 6:10,3,851,1180,920,2.683333333
4/27/2016 9:10,4,852,1230,1180,5.622222222
4/27/2016 12:10,5,853,1420,1230,7.505555556
4/27/2016 15:10,6,854,2030,1420,8.111111111
4/27/2016 18:10,7,855,1970,2030,6.158333333
4/27/2016 21:10,8,856,1140,1970,2.767647059
4/28/2016 0:00,1,857,960,1140,0.460526316
4/28/2016 3:10,2,858,1260,960,-0.15
4/28/2016 6:10,3,859,1830,1260,1.416666667
4/28/2016 9:10,4,860,1190,1830,6.461111111
4/28/2016 12:10,5,861,890,1190,6.625
4/28/2016 15:10,6,862,3380,890,8.891666667
4/28/2016 18:10,7,863,3430,3380,8.830555556
4/28/2016 21:10,8,864,870,3430,3.904901961
4/29/2016 0:00,1,865,940,870,3.687719298
4/29/2016 3:10,2,866,870,940,4.794444444
4/29/2016 6:10,3,867,3320,870,6.333333333
4/29/2016 9:10,4,868,2480,3320,7.261111111
4/29/2016 12:10,5,869,3270,2480,7.908333333
4/29/2016 15:10,6,870,2210,3270,8.252777778
4/29/2016 18:10,7,871,2020,2210,8.438888889
4/29/2016 21:10,8,872,950,2020,6.908823529
4/30/2016 0:00,1,873,880,950,6.444736842
4/30/2016 3:10,2,874,960,880,5.091666667
4/30/2016 6:10,3,875,2780,960,5.272222222
4/30/2016 9:10,4,876,5140,2780,7.586111111
4/30/2016 12:10,5,877,3620,5140,9.916666667
4/30/2016 15:10,6,878,4590,3620,10.41111111
4/30/2016 18:10,7,879,1210,4590,9.163888889
4/30/2016 21:10,8,880,1040,1210,6.014705882
5/1/2016 0:00,1,881,980,1040,3.931578947
5/1/2016 3:10,2,882,890,980,2.608333333
5/1/2016 6:10,3,883,1280,890,3.747222222
5/1/2016 9:10,4,884,1400,1280,8.527777778
5/1/2016 12:10,5,885,1720,1400,11.41388889
5/1/2016 15:10,6,886,4080,1720,13.35277778
5/1/2016 18:10,7,887,2620,4080,12.46666667
5/1/2016 21:10,8,888,1120,2620,7.882352941
5/2/2016 0:00,1,889,930,1120,4.692105263
5/2/2016 3:10,2,890,1260,930,2.222222222
5/2/2016 6:10,3,891,1790,1260,4.169444444
5/2/2016 9:10,4,892,970,1790,12.075
5/2/2016 12:10,5,893,1490,970,15.8
5/2/2016 15:10,6,894,2790,1490,16.48333333
5/2/2016 18:10,7,895,2090,2790,14.44166667
5/2/2016 21:10,8,896,1010,2090,12.12058824
5/3/2016 0:00,1,897,930,1010,11.01842105
5/3/2016 3:10,2,898,940,930,8.35
5/3/2016 6:10,3,899,1010,940,7.761111111
5/3/2016 9:10,4,900,890,1010,10.48888889
5/3/2016 12:10,5,901,890,890,12.59444444
5/3/2016 15:10,6,902,2260,890,14.05555556
5/3/2016 18:10,7,903,2260,2260,12.56388889
5/3/2016 21:10,8,904,860,2260,7.620588235
5/4/2016 0:00,1,905,1010,860,4.426315789
5/4/2016 3:10,2,906,950,1010,2.383333333
5/4/2016 6:10,3,907,2120,950,4.772222222
5/4/2016 9:10,4,908,1360,2120,12.13055556
5/4/2016 12:10,5,909,1250,1360,14.95555556
5/4/2016 15:10,6,910,1630,1250,15.84166667
5/4/2016 18:10,7,911,2020,1630,14.69444444
5/4/2016 21:10,8,912,1030,2020,10.28823529
5/5/2016 0:00,1,913,950,1030,7.602631579
5/5/2016 3:10,2,914,870,950,5.616666667
5/5/2016 6:10,3,915,2450,870,7.213888889
5/5/2016 9:10,4,916,1590,2450,14.17222222
5/5/2016 12:10,5,917,1160,1590,17.63611111
5/5/2016 15:10,6,918,2320,1160,19.24166667
5/5/2016 18:10,7,919,1750,2320,18.01111111
5/5/2016 21:10,8,920,1010,1750,13.21764706
5/6/2016 0:00,1,921,960,1010,9.968421053
5/6/2016 3:10,2,922,950,960,9.141666667
5/6/2016 6:10,3,923,2530,950,10.72222222
5/6/2016 9:10,4,924,3090,2530,17.23055556
5/6/2016 12:10,5,925,2010,3090,21.11111111
5/6/2016 15:10,6,926,1580,2010,22.51944444
5/6/2016 18:10,7,927,2380,1580,21.26111111
5/6/2016 21:10,8,928,1010,2380,15.37352941
5/7/2016 0:00,1,929,1020,1010,13.39210526
5/7/2016 3:10,2,930,960,1020,12.225
5/7/2016 6:10,3,931,1980,960,14.16111111
5/7/2016 9:10,4,932,2970,1980,20.45555556
5/7/2016 12:10,5,933,1520,2970,23.76944444
5/7/2016 15:10,6,934,1640,1520,24.64444444
5/7/2016 18:10,7,935,2920,1640,22.78055556
5/7/2016 21:10,8,936,980,2920,16.92058824
5/8/2016 0:00,1,937,1050,980,12.70526316
5/8/2016 3:10,2,938,970,1050,13.08333333
5/8/2016 6:10,3,939,2040,970,15.25277778
5/8/2016 9:10,4,940,1700,2040,21.71388889
5/8/2016 12:10,5,941,1000,1700,24.68611111
5/8/2016 15:10,6,942,990,1000,25.26111111
5/8/2016 18:10,7,943,1140,990,23.99166667
5/8/2016 21:10,8,944,980,1140,18.61470588
5/9/2016 0:00,1,945,1060,980,16.04736842
5/9/2016 3:10,2,946,1060,1060,13.24166667
5/9/2016 6:10,3,947,1050,1060,13.775
5/9/2016 9:10,4,948,1100,1050,19.93888889
5/9/2016 12:10,5,949,2370,1100,22.41111111
5/9/2016 15:10,6,950,2550,2370,22.89722222
5/9/2016 18:10,7,951,1910,2550,21.21388889
5/9/2016 21:10,8,952,1150,1910,18.78529412
5/10/2016 0:00,1,953,1050,1150,16.05
5/10/2016 3:10,2,954,1070,1050,14.775
5/10/2016 6:10,3,955,1070,1070,15.36111111
5/10/2016 9:10,4,956,990,1070,16.53888889
5/10/2016 12:10,5,957,980,990,17.73611111
5/10/2016 15:10,6,958,1570,980,19.51388889
5/10/2016 18:10,7,959,1780,1570,18.41111111
5/10/2016 21:10,8,960,990,1780,15.31176471
5/11/2016 0:00,1,961,1050,990,14.94210526
5/11/2016 3:10,2,962,1300,1050,14.63333333
5/11/2016 6:10,3,963,1810,1300,14.62777778
5/11/2016 9:10,4,964,1130,1810,17.91388889
5/11/2016 12:10,5,965,1270,1130,21.29722222
5/11/2016 15:10,6,966,1490,1270,22.8
5/11/2016 18:10,7,967,1650,1490,18.51388889
5/11/2016 21:10,8,968,970,1650,15.91176471
5/12/2016 0:00,1,969,1070,970,13.80263158
5/12/2016 3:10,2,970,1010,1070,12.41111111
5/12/2016 6:10,3,971,940,1010,12.78611111
5/12/2016 9:10,4,972,950,940,16.77222222
5/12/2016 12:10,5,973,1010,950,20.26388889
5/12/2016 15:10,6,974,2420,1010,21.2
5/12/2016 18:10,7,975,1950,2420,19.14444444
5/12/2016 21:10,8,976,1050,1950,15.94411765
5/13/2016 0:00,1,977,1060,1050,14.80263158
5/13/2016 3:10,2,978,1000,1060,12.62222222
5/13/2016 6:10,3,979,4100,1000,13.51944444
5/13/2016 9:10,4,980,3200,4100,18.06944444
5/13/2016 12:10,5,981,5340,3200,21.46388889
5/13/2016 15:10,6,982,4890,5340,22.82777778
5/13/2016 18:10,7,983,3690,4890,18.76944444
5/13/2016 21:10,8,984,1000,3690,11.96470588
5/14/2016 0:00,1,985,1150,1000,9.3
5/14/2016 3:10,2,986,1060,1150,8.738888889
5/14/2016 6:10,3,987,1870,1060,8.705555556
5/14/2016 9:10,4,988,2280,1870,9.75
5/14/2016 12:10,5,989,2030,2280,11.28611111
5/14/2016 15:10,6,990,3240,2030,11.93611111
5/14/2016 18:10,7,991,1680,3240,9.916666667
5/14/2016 21:10,8,992,1030,1680,7.188235294
